millis,GPS_Epoch_Time(s),outx(mm),outy(mm),outz(mm)
54558,1670185351.00,0.00,0.00,0.00,I
54761,1670185351.40,-47.37,-131.37,-75.07,I
54812,1670185351.80,-21.72,-151.53,-120.16,I
55164,1670185352.20,-20.25,-141.74,-138.31,I
55191,1670185352.60,-18.52,-130.26,-163.75,I
55218,1670185353.00,-16.57,-117.48,-187.09,I
55564,1670185353.40,-10.00,-142.15,-155.25,I
55969,1670185353.80,-67.76,-60.26,-37.58,I
56365,1670185354.20,-96.24,8.07,-3.61,I
56762,1670185354.60,-69.22,-0.25,70.70,I
57157,1670185355.00,-108.96,10.63,98.88,I
57554,1670185355.40,-74.32,20.61,47.37,I
57956,1670185355.80,-28.91,13.59,49.19,I
58365,1670185356.20,-133.93,106.61,80.29,I
58761,1670185356.60,-198.06,246.47,173.46,I
59164,1670185357.00,-163.38,288.38,194.44,I
59564,1670185357.40,-99.09,202.19,79.10,I
59959,1670185357.80,-12.21,80.09,-43.13,I
61573,1670185358.20,43.65,13.86,-59.20,I
61753,1670185358.60,59.16,-72.31,22.79,I
61814,1670185359.00,87.52,-57.27,165.58,I
62357,1670185359.40,105.87,-17.60,298.47,I
62384,1670185359.80,120.16,15.07,359.40,I
62414,1670185360.20,130.77,41.44,376.92,I
62756,1670185360.60,205.98,36.21,377.46,I
63156,1670185361.00,263.22,112.95,359.31,I
63559,1670185361.40,304.49,123.15,280.41,I
63963,1670185361.80,363.82,112.68,289.82, 
64362,1670185362.20,355.44,200.06,238.86, 
64751,1670185362.60,308.49,347.66,174.96, 
65159,1670185363.00,279.40,392.46,25.72, 
65560,1670185363.40,296.95,335.40,-140.73, 
65949,1670185363.80,270.63,264.36,-265.54, 
66349,1670185364.20,225.29,199.24,-378.22, 
66752,1670185364.60,181.33,107.69,-497.11, 
67147,1670185365.00,107.77,-4.27,-606.26, 
67557,1670185365.40,58.23,-130.32,-638.37, 
67948,1670185365.80,13.61,-198.79,-626.81, 
68356,1670185366.20,-56.66,-268.63,-614.47, 
68757,1670185366.60,-147.83,-338.68,-473.97, 
69156,1670185367.00,-253.76,-323.91,-365.22, 
69545,1670185367.40,-320.78,-340.24,-281.85, 
69951,1670185367.80,-354.81,-363.76,-197.77, 
70342,1670185368.20,-345.19,-359.87,-132.40, 
70748,1670185368.60,-364.69,-316.63,-66.13, 
71155,1670185369.00,-422.74,-243.18,74.74, 
71555,1670185369.40,-461.67,-162.78,133.93, 
71946,1670185369.80,-435.54,-191.76,136.14, 
72351,1670185370.20,-389.35,-210.10,86.27, 
72751,1670185370.60,-343.56,-203.10,99.34, 
73150,1670185371.00,-298.51,-207.76,168.82, 
73541,1670185371.40,-208.07,-205.21,243.49, 
73949,1670185371.80,-144.44,-147.43,280.26, 
74340,1670185372.20,-119.44,-63.25,361.52, 
74747,1670185372.60,-78.32,41.38,445.88, 
75139,1670185373.00,-25.84,110.19,386.49, 
75540,1670185373.40,4.41,165.75,387.71, 
75948,1670185373.80,61.86,209.35,304.70, 
76341,1670185374.20,109.53,259.21,335.99, 
76746,1670185374.60,117.93,344.91,354.98, 
77137,1670185375.00,219.68,341.82,203.20, 
77539,1670185375.40,299.20,317.21,60.33, 
77938,1670185375.80,310.60,307.60,99.96, 
78338,1670185376.20,331.11,293.72,131.14, 
78739,1670185376.60,358.07,293.27,59.02, 
79138,1670185377.00,294.43,286.18,-9.68, 
79546,1670185377.40,284.21,306.55,11.52, 
79937,1670185377.80,334.50,281.89,-99.49, 
80334,1670185378.20,271.80,221.19,-251.57, 
80732,1670185378.60,246.32,149.46,-349.07, 
81145,1670185379.00,235.64,3.98,-464.68, 
81545,1670185379.40,204.50,-98.46,-501.49, 
81938,1670185379.80,157.25,-181.15,-432.55, 
82345,1670185380.20,146.06,-328.31,-438.74, 
82745,1670185380.60,52.91,-376.20,-411.46, 
83142,1670185381.00,-73.77,-342.12,-303.70, 
83531,1670185381.40,-160.30,-276.54,-215.40, 
83937,1670185381.80,-260.90,-218.91,-77.18, 
84340,1670185382.20,-273.87,-168.57,46.49, 
84740,1670185382.60,-280.31,-75.75,113.01, 
85131,1670185383.00,-264.95,-49.04,97.35, 
85540,1670185383.40,-169.53,-107.98,95.61, 
85938,1670185383.80,-90.37,-136.80,222.06, 
86337,1670185384.20,-41.90,-91.49,283.94, 
86730,1670185384.60,-19.02,-3.63,205.71, 
87130,1670185385.00,-63.60,18.21,67.47, 
87527,1670185385.40,-52.22,19.72,31.42, 
87937,1670185385.80,-42.62,20.98,77.16, 
88326,1670185386.20,-81.07,54.18,91.83, 
88727,1670185386.60,-79.37,63.96,95.45, 
89124,1670185387.00,-76.68,86.88,109.68, 
89530,1670185387.40,-88.34,103.64,91.77, 
89939,1670185387.80,-65.54,82.80,65.31, 
90324,1670185388.20,-76.27,80.41,20.86, 
90724,1670185388.60,-67.94,60.58,-46.94, 
91121,1670185389.00,-28.32,43.18,-117.66, 
91535,1670185389.40,-11.75,-37.21,-94.33, 
91926,1670185389.80,-28.27,-68.05,24.63, 
92334,1670185390.20,-120.95,-10.15,-49.49, 
92721,1670185390.60,-143.86,-12.79,-117.70, 
93124,1670185391.00,-142.28,-96.95,-50.87, 
93523,1670185391.40,-120.85,-145.38,12.13, 
93929,1670185391.80,-99.84,-213.95,59.09, 
94330,1670185392.20,-49.01,-230.79,158.29, 
94730,1670185392.60,-20.82,-271.56,329.22, 
95121,1670185393.00,19.10,-248.02,489.27, 
95531,1670185393.40,22.04,-156.92,427.39, 
95930,1670185393.80,40.87,-110.71,452.75, 
96327,1670185394.20,136.38,-52.98,470.87, 
96729,1670185394.60,179.52,45.97,419.52, 
97118,1670185395.00,211.71,159.81,309.27, 
97529,1670185395.40,234.18,299.12,312.65, 
97931,1670185395.80,231.99,422.47,242.06, 
98318,1670185396.20,209.77,497.70,79.21, 
98717,1670185396.60,268.18,448.97,-136.58, 
99127,1670185397.00,309.20,368.26,-269.57, 
99516,1670185397.40,254.52,360.50,-269.68, 
99930,1670185397.80,189.11,312.53,-310.44, 
100325,1670185398.20,162.63,249.84,-371.91, 
100724,1670185398.60,105.10,241.48,-425.92, 
101115,1670185399.00,23.67,194.23,-384.73, 
101513,1670185399.40,-12.74,117.32,-394.50, 
101931,1670185399.80,-74.88,34.08,-479.27, 
102320,1670185400.20,-78.56,-118.76,-545.80, 
102719,1670185400.60,-96.88,-241.90,-620.55, 
103120,1670185401.00,-174.74,-289.21,-568.95, 
103514,1670185401.40,-186.79,-339.65,-567.30, 
103931,1670185401.80,-274.29,-375.02,-494.95, 
104318,1670185402.20,-339.65,-347.94,-332.69, 
104712,1670185402.60,-321.07,-320.06,-218.24, 
105117,1670185403.00,-347.73,-291.69,-137.84, 
105515,1670185403.40,-361.34,-230.95,-15.51, 
105912,1670185403.80,-363.66,-209.55,74.57, 
106317,1670185404.20,-324.15,-220.73,77.96, 
106711,1670185404.60,-299.67,-207.41,78.82, 
107108,1670185405.00,-222.91,-208.36,131.29, 
107507,1670185405.40,-153.70,-186.42,248.13, 
107909,1670185405.80,-123.87,-147.17,338.82, 
108306,1670185406.20,-77.71,-110.68,404.49, 
108705,1670185406.60,-35.27,-44.77,375.85, 
109107,1670185407.00,19.52,-4.78,387.03, 
109512,1670185407.40,51.00,45.85,444.62, 
109912,1670185407.80,110.52,187.05,539.42, 
110305,1670185408.20,159.95,298.52,563.02, 
110714,1670185408.60,231.41,268.15,554.14, 
111106,1670185409.00,303.61,255.74,532.91, 
111513,1670185409.40,422.80,241.57,494.26, 
111902,1670185409.80,447.94,275.15,487.27, 
112322,1670185410.20,460.90,296.77,396.00, 
112709,1670185410.60,543.64,258.79,186.56, 
113106,1670185411.00,567.22,238.68,135.72, 
113504,1670185411.40,525.97,249.94,92.16, 
113901,1670185411.80,464.99,252.67,5.02, 
114300,1670185412.20,388.77,198.95,-171.70, 
114700,1670185412.60,333.46,117.74,-307.39, 
115099,1670185413.00,248.16,64.23,-384.69, 
115511,1670185413.40,186.61,33.91,-405.97, 
115900,1670185413.80,162.00,-9.48,-469.01, 
116299,1670185414.20,72.42,-62.48,-451.03, 
116699,1670185414.60,25.33,-155.14,-347.35, 
117106,1670185415.00,-17.26,-228.32,-268.75, 
117497,1670185415.40,-70.67,-268.00,-272.35, 
117897,1670185415.80,-101.28,-295.73,-286.03, 
118306,1670185416.20,-128.18,-279.85,-290.13, 
118695,1670185416.60,-197.95,-278.13,-297.67, 
119095,1670185417.00,-237.94,-255.23,-360.10, 
119500,1670185417.40,-349.51,-215.48,-293.99, 
119898,1670185417.80,-483.56,-96.60,-184.72, 
120295,1670185418.20,-455.28,-48.90,-234.99, 
120705,1670185418.60,-425.55,-90.47,-287.50, 
121106,1670185419.00,-459.09,-72.10,-200.79, 
121495,1670185419.40,-413.35,-55.07,-88.80, 
121917,1670185419.80,-400.95,-7.20,-8.72, 
122302,1670185420.20,-382.81,0.10,17.37, 
122693,1670185420.60,-343.79,6.93,53.34, 
123103,1670185421.00,-257.94,-85.05,25.89, 
123504,1670185421.40,-228.88,-73.62,93.02, 
123904,1670185421.80,-183.01,19.73,184.49, 
124293,1670185422.20,-77.84,-1.90,207.59, 
124690,1670185422.60,-21.85,-1.75,267.22, 
125091,1670185423.00,10.61,15.93,342.07, 
125505,1670185423.40,53.99,96.46,309.17, 
125888,1670185423.80,106.11,127.29,187.49, 
126289,1670185424.20,147.99,118.37,184.64, 
126693,1670185424.60,196.75,125.89,171.45, 
127096,1670185425.00,249.78,81.95,199.17, 
127485,1670185425.40,225.31,94.09,203.44, 
127887,1670185425.80,187.19,86.48,160.82, 
128288,1670185426.20,216.48,63.10,158.13, 
128688,1670185426.60,220.28,43.58,145.26, 
129087,1670185427.00,235.47,59.67,97.48, 
129486,1670185427.40,226.96,55.65,87.77, 
129896,1670185427.80,263.67,2.45,55.92, 
130297,1670185428.20,255.05,-72.98,30.99, 
130684,1670185428.60,194.70,-33.17,-8.49, 
131084,1670185429.00,126.01,-16.12,-59.73, 
131485,1670185429.40,113.53,-17.66,-45.99, 
131883,1670185429.80,37.15,-17.96,-51.02, 
132284,1670185430.20,20.09,-17.22,-86.14, 
132687,1670185430.60,4.39,-81.75,-174.95, 
133085,1670185431.00,6.15,-164.08,-162.62, 
133482,1670185431.40,-10.36,-159.48,-181.84, 
133881,1670185431.80,-71.60,-69.84,-202.48, 
134281,1670185432.20,-120.88,4.90,-117.19, 
134680,1670185432.60,-159.42,50.06,-67.45, 
135090,1670185433.00,-188.34,86.59,-48.06, 
135491,1670185433.40,-224.79,131.41,-52.44, 
135880,1670185433.80,-234.04,165.70,26.19, 
136280,1670185434.20,-237.06,158.42,107.12, 
136679,1670185434.60,-188.21,117.75,142.49, 
137084,1670185435.00,-80.66,83.19,216.34, 
137490,1670185435.40,39.65,70.21,289.69, 
137887,1670185435.80,87.17,123.87,239.14, 
138291,1670185436.20,107.39,147.41,190.91, 
138680,1670185436.60,105.15,146.99,196.22, 
139081,1670185437.00,84.81,209.35,110.86, 
139491,1670185437.40,-44.47,336.49,-7.17, 
139888,1670185437.80,-51.86,330.95,-91.76, 
140277,1670185438.20,-41.71,268.66,-294.24, 
140679,1670185438.60,-127.58,260.03,-392.66, 
141076,1670185439.00,-129.36,147.59,-361.26, 
141475,1670185439.40,-127.82,34.42,-304.56, 
141887,1670185439.80,-171.71,38.19,-266.78, 
142276,1670185440.20,-202.58,-11.97,-220.45, 
142688,1670185440.60,-143.39,-104.41,-218.84, 
143075,1670185441.00,-122.01,-212.66,-224.17, 
143489,1670185441.40,-116.89,-281.07,-157.75, 
143884,1670185441.80,-124.69,-365.81,-156.44, 
144281,1670185442.20,-142.45,-428.35,-153.47, 
144680,1670185442.60,-135.37,-438.17,-47.94, 
145074,1670185443.00,-76.98,-372.73,56.40, 
145473,1670185443.40,-41.05,-329.17,95.94, 
145885,1670185443.80,-72.90,-303.59,113.89, 
146284,1670185444.20,-61.71,-309.51,116.76, 
146677,1670185444.60,14.31,-273.97,176.18, 
147075,1670185445.00,78.23,-190.31,346.54, 
147474,1670185445.40,131.08,-68.62,461.51, 
147877,1670185445.80,238.18,-17.15,460.21, 
148275,1670185446.20,305.83,-39.07,392.77, 
148670,1670185446.60,340.06,-4.85,355.39, 
149080,1670185447.00,362.43,73.73,324.48, 
149469,1670185447.40,342.17,137.03,360.60, 
149868,1670185447.80,289.48,252.75,289.16, 
150276,1670185448.20,241.89,324.64,145.01, 
150679,1670185448.60,277.69,245.96,38.26, 
151068,1670185449.00,252.28,242.71,-32.81, 
151478,1670185449.40,195.81,252.33,-86.34, 
151877,1670185449.80,208.26,205.59,-167.54, 
152266,1670185450.20,180.63,131.32,-245.81, 
152672,1670185450.60,90.75,132.87,-187.56, 
153065,1670185451.00,93.84,130.63,-128.11, 
153462,1670185451.40,76.50,93.02,-145.69, 
153866,1670185451.80,28.63,59.86,-273.67, 
154277,1670185452.20,66.22,-51.38,-333.41, 
154667,1670185452.60,44.45,-107.55,-336.74, 
155078,1670185453.00,23.65,-167.42,-435.51, 
155469,1670185453.40,-26.45,-229.66,-415.06, 
155867,1670185453.80,-100.81,-209.08,-318.50, 
156264,1670185454.20,-144.75,-156.19,-199.11, 
156663,1670185454.60,-163.25,-126.56,-93.99, 
157065,1670185455.00,-209.07,-116.02,37.88, 
157489,1670185455.40,-243.42,-88.65,77.60, 
157886,1670185455.80,-235.39,-80.40,3.24, 
158287,1670185456.20,-241.53,-120.59,-34.09, 
158679,1670185456.60,-226.43,-166.39,76.26, 
159074,1670185457.00,-195.21,-132.36,221.32, 
159485,1670185457.40,-119.30,-68.75,293.48, 
159885,1670185457.80,-56.36,-46.97,265.97, 
160286,1670185458.20,-67.63,38.33,235.64, 
160673,1670185458.60,-91.60,58.37,248.04, 
161073,1670185459.00,-92.95,42.60,276.25, 
161482,1670185459.40,-92.07,111.93,283.96, 
161882,1670185459.80,-58.90,149.63,159.38, 
162283,1670185460.20,1.35,113.62,63.36, 
162678,1670185460.60,-12.67,131.74,69.89, 
163074,1670185461.00,-23.36,177.54,97.62, 
163473,1670185461.40,15.38,194.29,53.10, 
163880,1670185461.80,-16.11,237.16,-8.32, 
164272,1670185462.20,-24.54,217.54,-71.31, 
164679,1670185462.60,16.13,164.87,-90.37, 
165070,1670185463.00,32.75,118.74,-40.67, 
165482,1670185463.40,61.88,62.56,-53.92, 
166471,1670185463.80,37.81,31.54,-54.79, 
166543,1670185464.20,33.21,21.29,-9.92, 
166660,1670185464.60,60.38,-53.48,-68.75, 
167057,1670185465.00,81.09,-113.14,-78.96, 
167469,1670185465.40,49.61,-110.14,-90.99, 
167858,1670185465.80,102.00,-139.04,-52.29, 
168253,1670185466.20,125.67,-142.69,-10.32, 
168658,1670185466.60,46.97,-45.41,-108.71, 
169062,1670185467.00,29.89,-81.00,-179.82, 
169472,1670185467.40,78.61,-174.01,-64.66, 
169863,1670185467.80,-11.42,-97.26,48.28, 
170262,1670185468.20,-51.72,16.71,101.56, 
170653,1670185468.60,-4.76,58.01,77.13, 
171061,1670185469.00,-14.83,90.14,5.98, 
171450,1670185469.40,8.22,98.03,-84.18, 
171859,1670185469.80,58.23,20.93,-51.72, 
172271,1670185470.20,96.53,-8.33,31.95, 
172660,1670185470.60,-2.42,32.69,0.27, 
173049,1670185471.00,-19.00,32.60,-51.75, 
173459,1670185471.40,30.83,-66.61,-97.48, 
173858,1670185471.80,-73.64,-78.70,-144.21, 
174247,1670185472.20,-188.72,-22.34,-178.05, 
174647,1670185472.60,-165.75,-8.78,-151.41, 
175048,1670185473.00,-112.76,-29.81,-215.14, 
175460,1670185473.40,-178.76,2.33,-248.68, 
175847,1670185473.80,-148.15,-3.99,-197.93, 
176244,1670185474.20,-135.24,7.24,-72.29, 
176656,1670185474.60,-106.18,-15.96,-62.49, 
177053,1670185475.00,-48.52,-34.08,-72.35, 
177455,1670185475.40,-46.80,-31.60,-51.13, 
177844,1670185475.80,-43.39,-12.62,-10.68, 
178245,1670185476.20,-38.59,19.22,6.01, 
178647,1670185476.60,-64.87,44.60,52.49, 
179044,1670185477.00,-51.02,64.19,144.21, 
179451,1670185477.40,-6.96,78.64,212.03, 
179847,1670185477.80,62.25,23.32,295.66, 
180242,1670185478.20,101.85,11.48,300.45, 
180641,1670185478.60,132.87,33.84,240.63, 
181051,1670185479.00,124.93,67.03,228.26, 
181452,1670185479.40,117.06,158.12,210.07, 
181841,1670185479.80,156.63,178.21,190.00, 
182269,1670185480.20,201.93,108.50,148.89, 
182640,1670185480.60,171.06,81.56,89.75, 
183042,1670185481.00,174.26,73.26,159.35, 
183443,1670185481.40,126.72,129.98,156.18, 
183840,1670185481.80,100.98,121.25,92.67, 
184250,1670185482.20,173.52,110.03,78.46, 
184643,1670185482.60,211.36,113.84,-41.76, 
185053,1670185483.00,125.53,112.42,-135.41, 
185452,1670185483.40,52.94,89.62,-188.65, 
185837,1670185483.80,23.67,34.79,-168.84, 
186243,1670185484.20,-32.90,-12.53,-163.05, 
186640,1670185484.60,-94.95,-3.73,-224.73, 
187037,1670185485.00,-111.76,-64.57,-245.98, 
187443,1670185485.40,-123.97,-163.87,-239.37, 
187846,1670185485.80,-101.73,-259.57,-315.70, 
188248,1670185486.20,-112.98,-333.08,-325.97, 
188641,1670185486.60,-136.41,-336.76,-201.25, 
189044,1670185487.00,-136.78,-367.06,-129.67, 
189444,1670185487.40,-134.54,-368.39,-145.77, 
189837,1670185487.80,-146.17,-378.13,-81.45, 
190236,1670185488.20,-121.11,-394.74,14.91, 
190644,1670185488.60,-50.88,-381.96,144.79, 
191035,1670185489.00,-71.85,-346.17,168.19, 
191434,1670185489.40,-118.91,-242.98,193.11, 
191889,1670185489.80,-121.38,-119.67,276.59, 
192237,1670185490.20,-103.92,-48.68,262.82, 
192632,1670185490.60,-135.03,61.23,216.58, 
193040,1670185491.00,-45.11,69.57,258.49, 
193441,1670185491.40,93.58,44.57,308.18, 
193828,1670185491.80,92.30,91.69,222.31, 
194234,1670185492.20,153.88,98.21,175.76, 
194629,1670185492.60,281.36,104.17,156.10, 
195037,1670185493.00,219.10,174.74,100.96, 
195440,1670185493.40,132.62,296.35,47.82, 
195829,1670185493.80,123.10,306.73,1.77, 
196237,1670185494.20,82.36,310.45,-43.05, 
196632,1670185494.60,62.90,292.26,-102.90, 
197038,1670185495.00,76.91,207.37,-154.69, 
197437,1670185495.40,7.40,217.08,-131.72, 
197826,1670185495.80,-32.91,237.79,-192.13, 
198236,1670185496.20,-18.53,151.27,-247.28, 
198631,1670185496.60,-37.46,111.74,-256.51, 
199028,1670185497.00,-116.62,109.66,-169.39, 
199432,1670185497.40,-113.56,73.13,-63.81, 
199823,1670185497.80,-124.93,41.79,-78.72, 
200220,1670185498.20,-100.08,31.27,-68.28, 
200634,1670185498.60,-30.48,-27.65,-38.50, 
201021,1670185499.00,10.11,-25.82,12.47, 
201424,1670185499.40,42.68,-8.38,-6.44, 
201832,1670185499.80,36.78,21.19,-57.71, 
202221,1670185500.20,16.21,60.69,-75.67, 
202622,1670185500.60,45.95,73.24,-78.02, 
203026,1670185501.00,6.30,130.80,-80.19, 
203419,1670185501.40,36.97,122.92,-31.97, 
203819,1670185501.80,76.84,96.46,-20.26, 
204218,1670185502.20,90.96,71.58,-65.70, 
204623,1670185502.60,84.01,48.31,-15.59, 
205025,1670185503.00,61.07,-5.46,11.85, 
205430,1670185503.40,-6.49,-18.26,-12.53, 
205817,1670185503.80,-44.94,-46.25,54.39, 
206229,1670185504.20,-12.73,-101.89,166.25, 
206626,1670185504.60,-3.18,-114.11,124.80, 
207028,1670185505.00,-58.49,-123.32,48.72, 
207429,1670185505.40,-23.35,-195.02,45.65, 
207824,1670185505.80,-11.15,-266.84,95.76, 
208220,1670185506.20,-64.07,-302.92,82.79, 
208625,1670185506.60,-105.44,-310.07,95.36, 
209022,1670185507.00,-216.96,-228.19,118.20, 
209416,1670185507.40,-237.30,-205.92,100.37, 
209819,1670185507.80,-169.45,-249.47,137.73, 
210221,1670185508.20,-125.89,-261.39,85.20, 
210626,1670185508.60,-56.05,-231.20,-28.59, 
211023,1670185509.00,34.39,-233.62,20.04, 
211412,1670185509.40,28.60,-179.54,99.53, 
211828,1670185509.80,24.43,-114.02,205.52, 
212221,1670185510.20,36.81,-7.41,366.82, 
212627,1670185510.60,62.21,113.91,354.94, 
213016,1670185511.00,82.24,194.35,214.60, 
213413,1670185511.40,97.46,274.07,17.65, 
213817,1670185511.80,156.64,284.18,-195.61, 
214220,1670185512.20,169.20,271.89,-209.00, 
214628,1670185512.60,144.76,290.71,-150.10, 
215013,1670185513.00,90.98,333.71,-155.85, 
215412,1670185513.40,45.94,295.52,-161.32, 
215808,1670185513.80,40.09,258.77,-182.35, 
216213,1670185514.20,19.23,191.40,-230.39, 
216631,1670185514.60,17.14,17.50,-266.58, 
217634,1670185515.00,62.27,-73.77,-204.58, 
217688,1670185515.40,80.76,-63.70,-225.72, 
217812,1670185515.80,93.45,-119.98,-243.05, 
218212,1670185516.20,54.60,-129.81,-181.52, 
218617,1670185516.60,-10.56,-86.84,-82.81, 
219009,1670185517.00,-47.19,-82.76,8.06, 
219406,1670185517.40,-29.74,-77.66,102.34, 
219805,1670185517.80,-15.76,-55.65,248.22, 
220207,1670185518.20,-20.04,-4.40,320.35, 
220616,1670185518.60,-23.68,70.14,177.68, 
221005,1670185519.00,-58.00,95.53,120.25, 
221415,1670185519.40,-38.37,113.91,153.64, 
221804,1670185519.80,-37.53,159.18,79.32, 
222205,1670185520.20,10.82,110.43,13.01, 
222603,1670185520.60,32.76,84.55,-11.55, 
223006,1670185521.00,-45.64,159.64,-22.66, 
223401,1670185521.40,-59.80,166.38,-130.88, 
223811,1670185521.80,-23.88,68.76,-208.16, 
224206,1670185522.20,-89.73,4.66,-298.91, 
224604,1670185522.60,-108.77,-65.21,-271.23, 
225011,1670185523.00,-90.63,-170.37,-129.11, 
225409,1670185523.40,-105.49,-203.09,-146.45, 
225810,1670185523.80,-163.31,-242.02,-208.83, 
226205,1670185524.20,-126.33,-318.75,-210.05, 
226598,1670185524.60,-93.45,-307.55,-84.98, 
227000,1670185525.00,-64.40,-274.79,88.83, 
227409,1670185525.40,-23.73,-242.01,138.02, 
227807,1670185525.80,10.27,-161.28,181.75, 
228196,1670185526.20,7.84,-75.71,228.89, 
228595,1670185526.60,21.85,-36.17,283.76, 
228995,1670185527.00,2.26,13.99,318.27, 
229404,1670185527.40,18.74,88.61,329.94, 
229806,1670185527.80,63.80,131.16,269.86, 
230203,1670185528.20,36.91,163.92,162.05, 
230596,1670185528.60,61.91,171.87,156.53, 
231002,1670185529.00,66.25,241.77,129.22, 
231391,1670185529.40,53.88,227.28,55.32, 
231804,1670185529.80,89.96,179.09,42.90, 
232204,1670185530.20,86.27,168.98,13.80, 
232591,1670185530.60,97.13,141.12,40.70, 
232992,1670185531.00,136.27,115.49,-9.72, 
233392,1670185531.40,132.73,42.85,-28.16, 
233791,1670185531.80,111.83,32.28,3.54, 
234201,1670185532.20,107.67,71.63,26.47, 
234602,1670185532.60,71.26,116.98,-2.88, 
234993,1670185533.00,40.04,133.81,-145.98, 
235401,1670185533.40,13.55,94.12,-251.99, 
235790,1670185533.80,-24.71,42.84,-235.44, 
236191,1670185534.20,-55.51,31.50,-227.90, 
236589,1670185534.60,-63.54,20.16,-187.22, 
237000,1670185535.00,-69.16,-7.11,-158.12, 
237389,1670185535.40,-72.64,-46.62,-228.94, 
237799,1670185535.80,-90.34,-95.09,-223.47, 
238190,1670185536.20,-118.96,-150.54,-169.99, 
238585,1670185536.60,-139.47,-176.29,-148.59, 
238997,1670185537.00,-185.03,-162.26,-66.43, 
239388,1670185537.40,-169.01,-164.70,-28.30, 
239790,1670185537.80,-120.69,-197.06,42.61, 
240185,1670185538.20,-78.56,-219.41,46.25, 
240596,1670185538.60,-42.16,-199.87,-19.34, 
240996,1670185539.00,20.24,-147.77,104.99, 
241385,1670185539.40,39.63,-102.60,277.00, 
241836,1670185539.80,55.36,-30.73,275.02, 
242184,1670185540.20,115.14,-5.02,175.21, 
242610,1670185540.60,161.49,-15.94,74.79, 
242987,1670185541.00,163.69,-72.93,28.64, 
243386,1670185541.40,194.58,-67.23,15.31, 
243789,1670185541.80,168.02,-44.30,131.35, 
244187,1670185542.20,47.43,25.10,209.95, 
244584,1670185542.60,29.99,81.16,169.89, 
244981,1670185543.00,45.52,92.19,104.97, 
245383,1670185543.40,41.49,67.68,41.87, 
245792,1670185543.80,5.72,63.37,51.19, 
246190,1670185544.20,7.77,75.29,67.33, 
246581,1670185544.60,-6.40,51.62,8.04, 
246988,1670185545.00,-50.26,32.05,-83.72, 
247392,1670185545.40,-84.78,81.37,-102.08, 
247789,1670185545.80,-48.42,70.41,-137.93, 
248193,1670185546.20,29.76,-4.84,-186.90, 
248578,1670185546.60,28.06,-15.64,-128.03, 
248983,1670185547.00,40.93,-39.74,-54.36, 
249374,1670185547.40,34.76,6.50,73.47, 
249782,1670185547.80,-18.79,93.87,75.71, 
250175,1670185548.20,-29.65,145.22,57.49, 
250587,1670185548.60,-23.01,134.24,-3.64, 
250976,1670185549.00,13.63,138.54,-54.11, 
251375,1670185549.40,58.32,106.55,-87.76, 
251891,1670185549.80,124.51,45.97,-157.13, 
252172,1670185550.20,109.83,28.01,-171.25, 
252583,1670185550.60,48.30,-19.81,-92.26, 
252975,1670185551.00,28.16,-26.21,-19.69, 
253384,1670185551.40,-69.26,17.74,-45.80, 
253782,1670185551.80,-67.44,2.78,-61.05, 
254173,1670185552.20,-50.36,-9.98,-60.00, 
254572,1670185552.60,-66.95,-36.79,-35.99, 
254971,1670185553.00,-49.34,-74.28,-59.23, 
255371,1670185553.40,-65.40,-55.10,-104.56, 
255774,1670185553.80,-142.00,-71.26,-136.10, 
256172,1670185554.20,-152.75,-99.24,-10.01, 
256575,1670185554.60,-222.86,-22.48,83.46, 
256978,1670185555.00,-306.60,6.20,180.90, 
257378,1670185555.40,-254.27,-3.41,221.14, 
257769,1670185555.80,-190.98,-43.51,82.12, 
258181,1670185556.20,-230.73,-74.99,123.02, 
258576,1670185556.60,-224.12,-50.53,210.65, 
258967,1670185557.00,-180.08,-29.91,214.74, 
259366,1670185557.40,-76.25,-44.94,91.57, 
259768,1670185557.80,10.94,-72.08,-21.25, 
260177,1670185558.20,66.92,-92.16,-15.26, 
260579,1670185558.60,128.86,-73.84,59.09, 
260968,1670185559.00,178.07,-41.08,61.44, 
261378,1670185559.40,184.57,-13.45,-11.95, 
261765,1670185559.80,202.95,-6.56,-15.85, 
262168,1670185560.20,247.22,-0.33,107.54, 
262565,1670185560.60,231.47,70.50,104.13, 
262965,1670185561.00,167.61,77.16,-20.72, 
263372,1670185561.40,161.06,-0.04,-89.30, 
263768,1670185561.80,184.29,-78.49,-145.15, 
264171,1670185562.20,247.63,-122.20,-97.40, 
264566,1670185562.60,277.09,-137.83,-40.74, 
264976,1670185563.00,215.80,-97.32,-72.82, 
265363,1670185563.40,207.81,-45.55,-190.49, 
265760,1670185563.80,133.37,-17.92,-273.06, 
266160,1670185564.20,100.82,5.92,-239.55, 
266563,1670185564.60,55.87,42.33,-93.66, 
266969,1670185565.00,-15.18,154.16,23.25, 
267368,1670185565.40,-73.54,208.65,42.03, 
267759,1670185565.80,-104.36,183.55,-12.03, 
268746,1670185566.20,-65.88,111.02,-39.31, 
268822,1670185566.60,-51.25,100.14,-85.58, 
268959,1670185567.00,-70.34,89.64,-116.44, 
269381,1670185567.40,-133.88,128.70,-52.78, 
269756,1670185567.80,-135.06,108.17,-29.85, 
270168,1670185568.20,-87.84,57.11,-13.16, 
270567,1670185568.60,-95.68,79.09,56.31, 
270956,1670185569.00,-85.72,111.65,64.73, 
271355,1670185569.40,-45.51,101.80,65.95, 
271761,1670185569.80,-59.62,107.12,69.38, 
272166,1670185570.20,-40.05,76.06,85.15, 
272556,1670185570.60,-24.23,16.33,113.08, 
272963,1670185571.00,-74.31,48.32,66.92, 
273354,1670185571.40,-97.42,38.66,-35.95, 
273764,1670185571.80,-83.10,-36.44,-103.42, 
274163,1670185572.20,-85.42,-64.14,-94.43, 
274552,1670185572.60,-85.74,-86.25,-76.89, 
274950,1670185573.00,-84.31,-119.42,-28.60, 
275355,1670185573.40,-34.91,-161.51,-37.91, 
275755,1670185573.80,-121.41,-143.55,-79.74, 
276154,1670185574.20,-107.52,-175.93,3.54, 
276561,1670185574.60,-47.24,-231.67,81.75, 
276953,1670185575.00,-76.03,-287.67,120.21, 
277356,1670185575.40,-34.32,-293.13,150.85, 
277760,1670185575.80,16.65,-274.49,228.03, 
278157,1670185576.20,-20.74,-154.28,286.97, 
278560,1670185576.60,-17.34,-102.37,323.38, 
278960,1670185577.00,-61.66,41.33,358.38, 
279349,1670185577.40,-127.10,174.27,307.86, 
279754,1670185577.80,-48.81,147.23,222.43, 
280154,1670185578.20,64.54,107.59,237.35, 
280551,1670185578.60,139.23,122.92,258.76, 
280954,1670185579.00,149.00,133.61,167.39, 
281354,1670185579.40,170.68,91.93,53.34, 
281755,1670185579.80,217.31,73.37,-122.24, 
282144,1670185580.20,187.07,105.83,-161.04, 
282556,1670185580.60,159.01,147.11,-53.46, 
282945,1670185581.00,148.26,144.32,-48.85, 
283351,1670185581.40,121.02,106.96,-176.95, 
283742,1670185581.80,80.94,106.85,-232.53, 
284153,1670185582.20,125.12,72.11,-276.78, 
284542,1670185582.60,108.83,42.39,-348.21, 
284952,1670185583.00,77.26,49.41,-304.52, 
285341,1670185583.40,17.89,37.40,-233.40, 
285743,1670185583.80,-63.48,108.61,-227.26, 
286148,1670185584.20,-112.46,96.51,-256.93, 
286545,1670185584.60,-118.23,2.51,-294.68, 
286941,1670185585.00,-121.26,-24.74,-284.03, 
287338,1670185585.40,-121.88,-47.04,-182.53, 
287744,1670185585.80,-120.40,0.38,-94.92, 
288147,1670185586.20,-117.12,20.43,-83.56, 
288538,1670185586.60,-112.31,2.88,-6.50, 
288940,1670185587.00,-154.46,19.84,85.94, 
289343,1670185587.40,-201.00,64.95,112.75, 
289738,1670185587.80,-217.60,33.25,149.71, 
290148,1670185588.20,-177.34,-26.39,97.36, 
290547,1670185588.60,-140.31,-125.05,-4.14, 
290947,1670185589.00,-91.24,-218.81,-47.23, 
291344,1670185589.40,-33.36,-274.22,31.72, 
291735,1670185589.80,-15.13,-263.36,114.82, 
292145,1670185590.20,1.38,-217.11,174.34, 
292534,1670185590.60,31.41,-191.41,255.50, 
292933,1670185591.00,87.73,-150.26,301.02, 
293345,1670185591.40,86.12,-129.54,263.88, 
293744,1670185591.80,68.40,-61.08,311.89, 
294144,1670185592.20,70.26,46.13,309.65, 
294533,1670185592.60,71.63,49.85,252.40, 
294940,1670185593.00,135.07,68.78,158.13, 
295344,1670185593.40,168.15,83.36,167.25, 
295731,1670185593.80,192.04,77.96,198.02, 
296140,1670185594.20,256.07,72.67,139.71, 
296529,1670185594.60,237.97,99.67,105.65, 
296929,1670185595.00,203.22,103.61,114.77, 
297342,1670185595.40,185.92,137.99,-8.15, 
297738,1670185595.80,88.86,195.88,-187.06, 
298141,1670185596.20,87.03,139.75,-174.57, 
298536,1670185596.60,147.13,58.41,-149.88, 
298934,1670185597.00,142.78,24.61,-254.32, 
299333,1670185597.40,88.36,-36.53,-207.79, 
299730,1670185597.80,87.71,-85.19,-141.92, 
300244,1670185598.20,67.45,-89.66,-124.35, 
300527,1670185598.60,-30.83,-43.27,-122.49, 
300935,1670185599.00,-47.51,-21.37,-184.08, 
301326,1670185599.40,-77.06,12.62,-190.45, 
301735,1670185599.80,-149.33,7.31,-221.85, 
302137,1670185600.20,-254.16,34.93,-272.36, 
302526,1670185600.60,-253.90,40.06,-349.24, 
302942,1670185601.00,-233.39,-22.16,-364.71, 
303333,1670185601.40,-212.87,-54.83,-279.11, 
303724,1670185601.80,-208.58,-15.68,-140.65, 
304132,1670185602.20,-249.28,-0.18,49.16, 
304521,1670185602.60,-244.40,-20.05,125.98, 
304924,1670185603.00,-234.89,-51.76,98.86, 
305324,1670185603.40,-205.43,-60.05,128.28, 
305723,1670185603.80,-192.43,-65.37,46.81, 
306132,1670185604.20,-97.87,-167.32,-24.47, 
306526,1670185604.60,-18.34,-179.00,-12.70, 
306929,1670185605.00,-31.11,-118.69,-14.96, 
307318,1670185605.40,23.68,-83.05,-23.87, 
307720,1670185605.80,68.97,-83.89,70.29, 
308117,1670185606.20,105.63,-65.55,205.75, 
308520,1670185606.60,182.78,-97.32,246.09, 
308918,1670185607.00,178.84,-70.13,276.03, 
309317,1670185607.40,204.49,-45.23,322.54, 
309716,1670185607.80,221.78,-22.58,361.26, 
310124,1670185608.20,200.44,79.18,374.52, 
310528,1670185608.60,210.87,210.90,371.01, 
310915,1670185609.00,214.98,280.50,264.19, 
311324,1670185609.40,261.88,281.46,163.05, 
311715,1670185609.80,277.38,294.03,116.56, 
312113,1670185610.20,299.12,281.26,58.34, 
312524,1670185610.60,276.68,265.03,-85.07, 
312913,1670185611.00,234.93,213.81,-219.56, 
313313,1670185611.40,162.98,151.36,-231.21, 
313724,1670185611.80,84.12,129.24,-226.06, 
314124,1670185612.20,-80.14,123.61,-258.24, 
314519,1670185612.60,-212.88,98.92,-337.22, 
314912,1670185613.00,-236.89,75.35,-391.74, 
315326,1670185613.40,-222.08,-45.29,-401.71, 
315713,1670185613.80,-176.23,-192.06,-346.59, 
316116,1670185614.20,-121.44,-323.41,-213.11, 
316518,1670185614.60,-92.69,-423.14,-78.27, 
317014,1670185615.00,-115.73,-429.58,17.44, 
317308,1670185615.40,-133.21,-343.53,71.72, 
317718,1670185615.80,-193.97,-234.68,66.56, 
318121,1670185616.20,-255.71,-124.69,-4.97, 
318509,1670185616.60,-205.79,-65.97,-44.15, 
318928,1670185617.00,-192.20,-16.39,-23.39, 
319916,1670185617.40,-162.17,40.96,56.69, 
319969,1670185617.80,-119.36,87.21,181.72, 
320110,1670185618.20,-144.77,206.61,255.92, 
320530,1670185618.60,-161.53,298.76,311.60, 
320927,1670185619.00,-123.39,316.68,198.91, 
321304,1670185619.40,-73.99,308.21,62.34, 
321716,1670185619.80,-46.82,294.39,-50.36, 
322117,1670185620.20,8.53,259.16,-65.50, 
322504,1670185620.60,70.16,191.91,-32.39, 
322918,1670185621.00,56.83,132.26,-57.76, 
323313,1670185621.40,46.20,144.96,-56.12, 
323704,1670185621.80,37.96,116.82,-93.54, 
324110,1670185622.20,-16.48,57.20,-59.46, 
324501,1670185622.60,4.99,21.68,-50.90, 
324917,1670185623.00,8.26,-58.20,-99.53, 
325308,1670185623.40,58.56,-140.70,4.66, 
325709,1670185623.80,82.92,-189.46,-25.47, 
326111,1670185624.20,71.59,-243.90,-42.88, 
326502,1670185624.60,77.40,-284.49,36.18, 
326897,1670185625.00,66.37,-279.69,-45.06, 
327311,1670185625.40,57.20,-337.43,-148.45, 
327708,1670185625.80,64.85,-311.39,-21.42, 
328097,1670185626.20,39.30,-268.32,90.25, 
328509,1670185626.60,35.00,-228.22,157.66, 
328910,1670185627.00,-0.45,-158.82,153.10, 
329308,1670185627.40,-92.29,-99.31,98.78, 
329699,1670185627.80,-114.65,-64.91,95.85, 
330094,1670185628.20,-144.97,-2.07,14.32, 
330498,1670185628.60,-85.18,-65.17,19.80, 
330897,1670185629.00,-2.49,-97.31,72.60, 
331304,1670185629.40,49.49,-86.78,130.83, 
331702,1670185629.80,140.06,-108.20,141.07, 
332097,1670185630.20,195.17,-121.51,183.01, 
332494,1670185630.60,173.94,-46.48,288.52, 
332906,1670185631.00,169.50,49.67,314.57, 
333299,1670185631.40,210.54,94.61,266.91, 
333697,1670185631.80,271.71,98.34,171.47, 
334100,1670185632.20,283.00,101.07,76.95, 
334501,1670185632.60,350.14,53.69,34.15, 
334893,1670185633.00,347.52,65.43,22.88, 
335290,1670185633.40,273.29,107.29,-9.46, 
335689,1670185633.80,191.02,124.07,-109.89, 
336091,1670185634.20,118.87,152.42,-203.75, 
336496,1670185634.60,-24.30,190.17,-291.92, 
336893,1670185635.00,-108.87,233.53,-342.03, 
337297,1670185635.40,-176.75,264.07,-355.65, 
337686,1670185635.80,-197.48,218.09,-358.92, 
338094,1670185636.20,-165.46,111.41,-322.93, 
338495,1670185636.60,-122.03,39.47,-245.94, 
338892,1670185637.00,-148.92,95.15,-109.62, 
339288,1670185637.40,-168.89,88.28,-3.51, 
339691,1670185637.80,-230.97,96.50,5.59, 
340099,1670185638.20,-244.78,84.29,-63.27, 
340488,1670185638.60,-267.53,39.75,-68.85, 
340887,1670185639.00,-296.60,50.54,16.79, 
341286,1670185639.40,-281.45,41.03,45.99, 
341690,1670185639.80,-230.76,-16.83,-7.36, 
342093,1670185640.20,-184.45,-64.00,27.99, 
342495,1670185640.60,-142.35,-101.55,37.19, 
342894,1670185641.00,-41.70,-147.45,86.00, 
343296,1670185641.40,41.31,-116.70,110.04, 
343685,1670185641.80,140.60,-122.41,134.13, 
344092,1670185642.20,266.77,-140.98,177.25, 
344483,1670185642.60,266.72,-71.88,187.13, 
344891,1670185643.00,261.63,0.91,242.28, 
345282,1670185643.40,300.52,59.03,249.99, 
345690,1670185643.80,325.16,38.83,188.77, 
346089,1670185644.20,353.47,21.44,220.72, 
346486,1670185644.60,383.60,-25.56,186.96, 
346884,1670185645.00,317.46,-63.10,215.30, 
347289,1670185645.40,239.34,5.22,242.44, 
347680,1670185645.80,138.57,92.64,214.91, 
348086,1670185646.20,19.68,177.28,130.35, 
348477,1670185646.60,-16.60,190.63,-39.54, 
348878,1670185647.00,-48.51,163.22,-244.80, 
349280,1670185647.40,-122.74,186.54,-392.49, 
349687,1670185647.80,-136.29,101.41,-407.30, 
350078,1670185648.20,-177.67,13.14,-416.61, 
350474,1670185648.60,-194.73,-27.60,-435.94, 
350875,1670185649.00,-222.10,-93.71,-339.86, 
351285,1670185649.40,-273.90,-130.43,-235.90, 
351686,1670185649.80,-327.76,-142.67,-232.93, 
352090,1670185650.20,-365.62,-200.09,-327.60, 
352481,1670185650.60,-405.45,-243.13,-347.03, 
352884,1670185651.00,-445.44,-240.34,-288.19, 
353286,1670185651.40,-372.35,-299.72,-184.33, 
353685,1670185651.80,-290.01,-341.15,-66.76, 
354080,1670185652.20,-231.91,-349.83,63.07, 
354480,1670185652.60,-147.61,-332.43,186.60, 
354881,1670185653.00,-91.15,-293.07,245.11, 
355284,1670185653.40,-72.31,-189.09,258.02, 
355680,1670185653.80,-53.44,-99.50,297.26, 
356069,1670185654.20,11.68,9.97,324.25, 
356478,1670185654.60,3.58,133.12,246.61, 
356870,1670185655.00,30.85,165.35,304.45, 
357269,1670185655.40,85.96,206.95,394.23, 
357675,1670185655.80,147.02,172.76,307.88, 
358080,1670185656.20,163.17,127.48,205.90, 
358479,1670185656.60,191.09,154.59,141.49, 
358868,1670185657.00,211.56,174.64,94.03, 
359276,1670185657.40,225.41,205.41,14.53, 
359677,1670185657.80,217.31,293.00,71.81, 
360075,1670185658.20,192.40,357.79,125.70, 
360476,1670185658.60,184.69,352.39,65.58, 
360876,1670185659.00,112.96,324.28,-46.40, 
361275,1670185659.40,116.38,212.82,-102.86, 
361678,1670185659.80,165.54,100.91,-209.15, 
362065,1670185660.20,138.39,56.93,-290.34, 
362475,1670185660.60,129.09,-30.07,-259.94, 
362874,1670185661.00,103.72,-100.59,-149.31, 
363290,1670185661.40,65.83,-156.32,-164.15, 
363669,1670185661.80,33.80,-231.89,-189.71, 
364072,1670185662.20,7.07,-255.36,-169.42, 
364472,1670185662.60,-79.22,-220.13,-209.06, 
364871,1670185663.00,-130.92,-219.61,-196.42, 
365268,1670185663.40,-137.54,-214.44,-156.10, 
365670,1670185663.80,-123.77,-189.27,-48.62, 
366069,1670185664.20,-125.95,-180.49,75.71, 
366465,1670185664.60,-156.77,-136.48,169.76, 
366868,1670185665.00,-193.60,-47.95,256.98, 
367261,1670185665.40,-138.55,-7.72,331.21, 
367661,1670185665.80,-75.12,42.15,301.83, 
368068,1670185666.20,-36.55,82.59,169.93, 
368457,1670185666.60,43.91,66.27,43.24, 
368869,1670185667.00,76.69,118.22,-34.65, 
369268,1670185667.40,56.17,191.52,-8.29, 
369668,1670185667.80,102.32,180.93,84.12, 
370057,1670185668.20,138.29,169.21,121.07, 
371046,1670185668.60,149.07,172.66,84.86, 
371122,1670185669.00,124.92,204.96,-43.35, 
371257,1670185669.40,118.70,177.19,-222.04, 
371654,1670185669.80,111.61,150.71,-312.91, 
372056,1670185670.20,88.63,109.52,-324.76, 
372465,1670185670.60,83.65,24.13,-235.01, 
372862,1670185671.00,93.06,-78.86,-202.06, 
373256,1670185671.40,19.84,-110.62,-215.95, 
373653,1670185671.80,-23.41,-86.24,-136.28, 
374056,1670185672.20,-41.71,-113.80,-60.78, 
374454,1670185672.60,-24.38,-134.01,41.20, 
374861,1670185673.00,37.25,-131.67,166.70, 
375250,1670185673.40,38.31,-127.18,163.46, 
375658,1670185673.80,53.25,-137.00,177.52, 
376051,1670185674.20,-31.01,-60.47,196.89, 
376459,1670185674.60,-66.11,-14.54,230.58, 
376856,1670185675.00,-60.98,-41.44,175.53, 
377255,1670185675.40,-55.80,-45.69,151.24, 
377649,1670185675.80,-35.44,-31.60,113.49, 
378050,1670185676.20,-33.69,-19.14,78.07, 
378460,1670185676.60,-31.66,7.89,113.08, 
378859,1670185677.00,-29.43,63.00,155.38, 
379256,1670185677.40,3.34,73.26,229.20, 
379645,1670185677.80,61.68,48.14,134.24, 
380053,1670185678.20,59.65,75.56,-34.41, 
380444,1670185678.60,56.53,63.99,-59.28, 
380856,1670185679.00,83.79,69.57,-72.87, 
381247,1670185679.40,151.67,40.42,-9.13, 
381650,1670185679.80,186.10,0.08,117.02, 
382056,1670185680.20,224.87,-65.38,189.35, 
382443,1670185680.60,233.76,-67.29,162.18, 
382853,1670185681.00,170.76,-19.00,94.82, 
383244,1670185681.40,129.79,37.27,39.37, 
383645,1670185681.80,91.91,64.73,-44.80, 
384043,1670185682.20,41.90,69.33,-228.89, 
384448,1670185682.60,-16.91,23.20,-265.50, 
384843,1670185683.00,12.24,-64.44,-301.64, 
385249,1670185683.40,-94.33,-67.26,-316.59, 
385642,1670185683.80,-228.79,-19.78,-185.11, 
386054,1670185684.20,-207.35,2.70,-160.39, 
386445,1670185684.60,-218.43,36.83,-174.20, 
386842,1670185685.00,-272.96,80.42,-10.15, 
387241,1670185685.40,-249.12,113.58,8.00, 
387643,1670185685.80,-241.28,120.52,-66.21, 
388040,1670185686.20,-230.92,107.00,-145.77, 
388456,1670185686.60,-218.44,126.35,-199.13, 
388843,1670185687.00,-220.30,187.53,-141.57, 
389246,1670185687.40,-233.29,165.37,-158.71, 
389648,1670185687.80,-286.75,175.78,-126.97, 
390039,1670185688.20,-322.84,145.66,-143.18, 
390447,1670185688.60,-248.10,35.16,-171.33, 
390836,1670185689.00,-150.01,-56.26,-103.59, 
391247,1670185689.40,-50.17,-146.50,-50.44, 
391643,1670185689.80,33.03,-250.73,57.06, 
392046,1670185690.20,38.61,-264.46,189.76, 
392439,1670185690.60,28.32,-288.13,198.48, 
392837,1670185691.00,21.66,-351.05,183.34, 
393236,1670185691.40,2.00,-312.26,209.94, 
393633,1670185691.80,35.88,-242.34,287.08, 
394033,1670185692.20,111.99,-180.74,295.50, 
394434,1670185692.60,205.08,-159.01,230.35, 
394838,1670185693.00,277.44,-186.43,189.50, 
395243,1670185693.40,347.38,-187.13,109.74, 
395636,1670185693.80,381.31,-165.19,70.00, 
396040,1670185694.20,352.94,-77.88,96.15, 
396439,1670185694.60,355.18,12.81,118.11, 
396840,1670185695.00,285.78,87.37,130.70, 
397234,1670185695.40,254.71,130.38,73.62, 
397633,1670185695.80,271.62,115.79,-4.30, 
398039,1670185696.20,229.69,119.56,-100.89, 
398438,1670185696.60,158.08,56.55,-137.92, 
398829,1670185697.00,95.15,87.85,-107.47, 
399230,1670185697.40,9.02,128.80,-16.30, 
399630,1670185697.80,-46.60,160.39,10.82, 
400037,1670185698.20,-124.87,183.63,-44.42, 
400427,1670185698.60,-171.28,199.45,-77.81, 
400834,1670185699.00,-191.00,176.56,-108.07, 
401225,1670185699.40,-204.78,171.12,-158.29, 
401625,1670185699.80,-166.80,115.22,-174.98, 
402026,1670185700.20,-102.23,100.29,-107.89, 
402434,1670185700.60,-98.02,118.40,-3.47, 
402825,1670185701.00,-109.14,114.16,23.21, 
403230,1670185701.40,-132.19,108.00,-63.06, 
403636,1670185701.80,-213.31,133.31,-139.69, 
404033,1670185702.20,-290.72,133.08,-155.82, 
404430,1670185702.60,-282.71,64.76,-106.77, 
404822,1670185703.00,-254.20,-9.48,-62.62, 
405223,1670185703.40,-257.75,-20.78,-36.62, 
405624,1670185703.80,-238.27,-30.56,21.72, 
406026,1670185704.20,-248.61,-71.08,125.32, 
406425,1670185704.60,-266.15,-70.98,126.14, 
406822,1670185705.00,-177.84,-119.59,106.04, 
407220,1670185705.40,-116.09,-91.70,116.82, 
407629,1670185705.80,-108.88,-2.06,67.99, 
408016,1670185706.20,-50.57,35.96,29.49, 
408430,1670185706.60,63.74,-16.53,25.97, 
408819,1670185707.00,93.65,-27.01,55.01, 
409231,1670185707.40,214.29,-51.82,130.92, 
409630,1670185707.80,293.21,-39.30,88.92, 
410017,1670185708.20,288.42,-61.41,-3.99, 
410427,1670185708.60,344.97,-144.74,-35.67, 
410828,1670185709.00,368.63,-225.14,-26.46, 
411219,1670185709.40,317.58,-285.12,-27.53, 
411617,1670185709.80,285.92,-277.88,-35.90, 
412024,1670185710.20,224.50,-248.68,-107.99, 
412426,1670185710.60,122.32,-219.07,-131.19, 
412817,1670185711.00,37.69,-189.42,-100.21, 
413216,1670185711.40,47.49,-177.02,-3.95, 
413622,1670185711.80,70.15,-177.52,78.30, 
414013,1670185712.20,70.36,-122.80,90.28, 
414423,1670185712.60,22.03,-25.59,58.05, 
414822,1670185713.00,-66.03,72.46,92.86, 
415217,1670185713.40,-87.52,168.20,126.04, 
415617,1670185713.80,-103.33,227.74,155.24, 
416010,1670185714.20,-82.86,223.66,164.32, 
416419,1670185714.60,-1.46,217.55,123.77, 
416808,1670185715.00,15.35,193.60,76.24, 
417214,1670185715.40,44.33,203.87,132.12, 
417609,1670185715.80,82.36,308.13,191.77, 
418017,1670185716.20,48.07,402.02,200.14, 
418406,1670185716.60,18.98,435.90,174.92, 
418809,1670185717.00,25.01,387.24,52.40, 
419217,1670185717.40,-1.77,338.96,-26.84, 
419608,1670185717.80,-8.74,308.47,-185.91, 
420016,1670185718.20,0.32,210.15,-268.69, 
420409,1670185718.60,22.89,124.37,-239.98, 
420808,1670185719.00,-22.87,66.29,-241.04, 
421216,1670185719.40,-43.83,-0.73,-270.99, 
422205,1670185719.80,-14.02,-41.43,-378.54, 
422348,1670185720.20,-6.71,-158.51,-470.43, 
422416,1670185720.60,46.74,-317.26,-464.04, 
422807,1670185721.00,55.54,-424.39,-368.45, 
423219,1670185721.40,13.93,-388.14,-212.63, 
423628,1670185721.80,-52.96,-368.57,-191.04, 
424015,1670185722.20,-219.11,-297.96,-190.53, 
424417,1670185722.60,-364.52,-186.62,-85.91, 
424810,1670185723.00,-393.22,-175.20,-20.45, 
425220,1670185723.40,-391.51,-162.57,59.72, 
425613,1670185723.80,-286.24,-149.01,246.53, 
426012,1670185724.20,-130.09,-216.97,326.07, 
426405,1670185724.60,-80.09,-200.18,365.82, 
426801,1670185725.00,-51.76,-117.27,471.56, 
427218,1670185725.40,20.40,-30.24,518.34, 
427610,1670185725.80,128.01,-39.97,480.41, 
428007,1670185726.20,261.63,-62.63,445.27, 
428406,1670185726.60,268.21,3.27,348.14, 
428808,1670185727.00,252.86,90.58,285.93, 
429221,1670185727.40,173.46,226.20,169.46, 
429604,1670185727.80,106.71,364.35,27.73, 
430002,1670185728.20,67.45,385.85,-83.10, 
430405,1670185728.60,50.99,378.06,-161.42, 
430809,1670185729.00,83.47,330.34,-218.10, 
431198,1670185729.40,107.91,219.84,-272.08, 
431603,1670185729.80,62.68,189.69,-180.32, 
431994,1670185730.20,71.47,127.77,-135.17, 
432410,1670185730.60,108.97,24.48,-166.63, 
432803,1670185731.00,104.20,-43.77,-157.64, 
433197,1670185731.40,129.80,-116.42,-101.02, 
433604,1670185731.80,146.83,-173.98,-59.11, 
434001,1670185732.20,188.57,-267.17,-104.85, 
434397,1670185732.60,216.74,-321.40,-79.47, 
434798,1670185733.00,217.01,-358.89,41.84, 
435206,1670185733.40,194.53,-364.69,81.96, 
435593,1670185733.80,153.94,-328.34,7.76, 
435998,1670185734.20,36.82,-275.47,-81.49, 
436389,1670185734.60,-60.67,-210.04,-182.58, 
436791,1670185735.00,-124.28,-151.65,-169.23, 
437200,1670185735.40,-191.47,-50.72,-157.09, 
437596,1670185735.80,-324.25,66.23,-117.33, 
438005,1670185736.20,-393.82,160.48,-91.82, 
438398,1670185736.60,-410.74,217.39,-66.48, 
438790,1670185737.00,-400.62,194.64,-8.63, 
439199,1670185737.40,-257.66,157.42,110.78, 
439590,1670185737.80,-169.92,109.20,200.93, 
439996,1670185738.20,-111.96,36.08,272.62, 
440389,1670185738.60,-109.32,58.90,370.54, 
440788,1670185739.00,-74.05,125.95,441.31, 
441196,1670185739.40,-58.80,210.79,354.15, 
441585,1670185739.80,-59.82,241.70,234.60, 
441985,1670185740.20,-28.14,228.37,169.88, 
442384,1670185740.60,-16.42,196.50,84.07, 
442785,1670185741.00,-5.69,166.22,-22.39, 
443189,1670185741.40,35.35,121.52,-155.68, 
443594,1670185741.80,100.72,65.99,-161.86, 
443994,1670185742.20,119.77,2.82,-80.99, 
444385,1670185742.60,149.39,-66.08,-35.64, 
444782,1670185743.00,138.44,-104.11,-53.68, 
445190,1670185743.40,16.37,-36.04,-124.81, 
445581,1670185743.80,-33.15,-30.88,-294.97, 
445982,1670185744.20,-39.48,-59.29,-362.71, 
446386,1670185744.60,-107.47,-81.78,-341.92, 
446781,1670185745.00,-94.60,-115.05,-329.66, 
447182,1670185745.40,-50.97,-206.17,-305.22, 
447592,1670185745.80,18.31,-275.35,-289.86, 
447991,1670185746.20,74.51,-292.02,-159.21, 
448378,1670185746.60,56.42,-233.64,-8.29, 
448780,1670185747.00,25.55,-181.21,173.62, 
449181,1670185747.40,63.73,-118.28,230.71, 
449574,1670185747.80,62.57,-96.32,179.06, 
449976,1670185748.20,76.30,-91.41,193.03, 
450385,1670185748.60,71.20,-2.69,205.48, 
450781,1670185749.00,51.03,103.16,200.97, 
451176,1670185749.40,64.71,137.31,237.22, 
451592,1670185749.80,90.88,130.95,228.20, 
451975,1670185750.20,110.30,108.20,253.33, 
452388,1670185750.60,107.66,170.08,216.49, 
452784,1670185751.00,103.32,216.96,116.08, 
453175,1670185751.40,67.16,217.49,-31.57, 
453580,1670185751.80,66.93,246.67,-96.92, 
453974,1670185752.20,113.26,248.69,-149.31, 
454383,1670185752.60,115.35,195.48,-124.77, 
454782,1670185753.00,67.44,180.12,-158.68, 
455174,1670185753.40,57.17,130.81,-212.62, 
455573,1670185753.80,31.61,38.11,-162.32, 
455983,1670185754.20,-37.92,-21.39,-145.47, 
456382,1670185754.60,-31.30,-103.08,-152.90, 
456781,1670185755.00,-26.29,-167.66,-176.73, 
457179,1670185755.40,-85.25,-216.97,-213.83, 
457576,1670185755.80,-115.52,-269.70,-189.86, 
457977,1670185756.20,-106.81,-306.71,-192.19, 
458377,1670185756.60,-145.55,-279.86,-169.67, 
458772,1670185757.00,-173.96,-203.77,-7.63, 
459180,1670185757.40,-193.25,-169.92,136.00, 
459585,1670185757.80,-188.46,-89.97,131.25, 
459966,1670185758.20,-180.28,-71.09,104.89, 
460367,1670185758.60,-122.80,-21.01,157.29, 
460779,1670185759.00,-57.20,37.02,200.95, 
461176,1670185759.40,-48.91,68.00,164.95, 
461576,1670185759.80,-40.19,125.74,161.24, 
461967,1670185760.20,-16.02,170.51,185.10, 
462376,1670185760.60,36.18,186.75,260.67, 
462768,1670185761.00,110.64,229.56,361.47, 
463175,1670185761.40,136.89,226.34,354.72, 
463577,1670185761.80,124.67,285.15,278.32, 
463966,1670185762.20,128.18,276.77,139.21, 
464373,1670185762.60,209.30,198.18,39.19, 
464775,1670185763.00,174.61,211.21,-24.80, 
465166,1670185763.40,127.96,232.73,-123.82, 
465573,1670185763.80,134.20,128.87,-220.13, 
465963,1670185764.20,119.94,56.87,-307.49, 
466370,1670185764.60,105.46,-53.43,-386.34, 
466771,1670185765.00,44.46,-159.94,-354.31, 
467171,1670185765.40,9.91,-161.80,-328.27, 
467570,1670185765.80,-3.64,-177.85,-277.63, 
467972,1670185766.20,16.00,-221.72,-114.09, 
468371,1670185766.60,46.60,-302.80,-84.91, 
468770,1670185767.00,-25.59,-296.31,-69.20, 
469164,1670185767.40,-83.94,-269.39,29.35, 
469573,1670185767.80,-97.69,-210.20,92.16, 
469968,1670185768.20,-139.63,-174.35,81.10, 
470368,1670185768.60,-138.76,-206.85,-1.54, 
470765,1670185769.00,-135.59,-227.92,-83.50, 
471162,1670185769.40,-210.88,-173.79,-87.95, 
471560,1670185769.80,-202.42,-157.62,-62.16, 
471980,1670185770.20,-207.13,-107.61,76.83, 
472358,1670185770.60,-270.24,-14.33,241.04, 
473348,1670185771.00,-281.93,29.53,285.85, 
473399,1670185771.40,-204.32,49.86,217.52, 
473559,1670185771.80,-199.41,99.12,165.97, 
473980,1670185772.20,-173.01,188.34,177.88, 
474361,1670185772.60,-98.34,240.49,251.80, 
474761,1670185773.00,-33.68,278.48,265.38, 
475156,1670185773.40,6.51,320.95,193.25, 
475549,1670185773.80,87.98,364.78,146.55, 
475953,1670185774.20,186.49,359.12,90.59, 
476350,1670185774.60,248.14,281.19,47.88, 
476762,1670185775.00,326.90,146.54,97.90, 
477161,1670185775.40,352.98,67.32,146.84, 
477554,1670185775.80,335.81,98.41,97.99, 
477954,1670185776.20,316.03,70.56,-15.93, 
478365,1670185776.60,374.59,-20.22,-143.93, 
478758,1670185777.00,429.85,-143.48,-285.74, 
479162,1670185777.40,384.14,-240.87,-284.25, 
479555,1670185777.80,275.73,-216.87,-284.62, 
479954,1670185778.20,149.26,-128.84,-296.81, 
480352,1670185778.60,10.70,-72.49,-293.71, 
480753,1670185779.00,-134.71,6.50,-320.89, 
481159,1670185779.40,-185.91,18.82,-205.11, 
481548,1670185779.80,-176.39,-36.91,-87.64, 
481955,1670185780.20,-55.63,-114.73,34.21, 
482367,1670185780.60,57.07,-142.35,139.10, 
482748,1670185781.00,112.53,-212.03,235.17, 
483153,1670185781.40,152.87,-197.51,345.06, 
483553,1670185781.80,179.95,-149.46,320.22, 
483973,1670185782.20,259.84,-155.73,210.67, 
484347,1670185782.60,203.00,-124.76,53.06, 
484751,1670185783.00,166.03,-128.72,-23.69, 
485154,1670185783.40,161.52,-161.29,-106.35, 
485543,1670185783.80,39.81,-117.54,-174.91, 
485949,1670185784.20,-127.02,-29.38,-214.40, 
486346,1670185784.60,-213.82,10.40,-249.12, 
486748,1670185785.00,-298.78,76.71,-123.44, 
487145,1670185785.40,-380.15,178.94,-1.19, 
487544,1670185785.80,-345.65,242.35,-16.54, 
487954,1670185786.20,-328.47,256.01,-84.66, 
488355,1670185786.60,-294.75,229.17,-34.45, 
488749,1670185787.00,-231.13,203.17,-51.23, 
489140,1670185787.40,-176.73,211.18,-139.13, 
489551,1670185787.80,-193.22,212.93,-90.76, 
489940,1670185788.20,-203.37,209.30,-60.87, 
490342,1670185788.60,-224.01,201.12,-16.83, 
490747,1670185789.00,-284.48,172.16,56.45, 
491149,1670185789.40,-262.58,95.59,-5.70, 
491548,1670185789.80,-287.28,-35.60,-80.37, 
491937,1670185790.20,-284.03,-108.61,-117.77, 
492345,1670185790.60,-179.33,-199.47,-48.33, 
492738,1670185791.00,-41.62,-318.57,41.09, 
493148,1670185791.40,-24.10,-342.09,69.54, 
493537,1670185791.80,-22.78,-371.12,127.10, 
493944,1670185792.20,-35.25,-336.42,196.81, 
494344,1670185792.60,-74.45,-236.55,200.37, 
494735,1670185793.00,-85.80,-182.70,154.12, 
495144,1670185793.40,4.27,-216.63,180.41, 
495548,1670185793.80,95.23,-237.66,224.76, 
495945,1670185794.20,105.39,-133.12,221.54, 
496418,1670185794.60,82.68,38.88,206.74, 
496734,1670185795.00,143.98,112.11,114.74, 
497133,1670185795.40,130.02,170.65,31.38, 
497549,1670185795.80,118.49,215.99,179.17, 
497932,1670185796.20,139.41,232.55,263.12, 
498335,1670185796.60,187.60,259.38,321.39, 
498735,1670185797.00,240.32,243.49,202.71, 
499132,1670185797.40,184.47,242.52,132.86, 
499548,1670185797.80,183.73,221.03,85.48, 
499943,1670185798.20,212.66,167.15,-27.99, 
500342,1670185798.60,232.32,87.29,-136.70, 
500738,1670185799.00,243.82,70.37,-237.41, 
501131,1670185799.40,216.03,87.18,-343.64, 
501538,1670185799.80,205.25,50.10,-419.45, 
501940,1670185800.20,160.67,-30.39,-512.52, 
502343,1670185800.60,89.68,-29.59,-497.94, 
502736,1670185801.00,61.40,36.39,-378.76, 
503130,1670185801.40,51.76,-9.49,-278.68, 
503539,1670185801.80,11.58,-79.75,-141.99, 
503924,1670185802.20,-6.74,-85.78,-8.09, 
504336,1670185802.60,-22.35,-122.31,-27.55, 
504735,1670185803.00,-50.68,-182.35,-105.14, 
505133,1670185803.40,-105.55,-144.46,-140.83, 
505538,1670185803.80,-100.91,-126.94,-120.46, 
505929,1670185804.20,-127.18,-93.77,-53.56, 
506322,1670185804.60,-130.16,-64.70,0.23, 
506730,1670185805.00,-115.15,-55.51,54.95, 
507121,1670185805.40,-116.26,-30.20,140.52, 
507541,1670185805.80,-131.03,40.64,144.33, 
507920,1670185806.20,-124.08,32.05,46.59, 
508321,1670185806.60,-131.87,25.17,-43.82, 
508725,1670185807.00,-103.76,35.87,-11.06, 
509130,1670185807.40,-78.57,60.40,0.09, 
509540,1670185807.80,-119.58,79.34,29.47, 
509921,1670185808.20,-100.92,93.31,100.58, 
510328,1670185808.60,-52.51,70.68,182.98, 
510730,1670185809.00,-11.54,116.51,270.70, 
511119,1670185809.40,22.63,133.87,356.91, 
511541,1670185809.80,50.63,161.81,360.96, 
511918,1670185810.20,42.67,163.42,266.35, 
512376,1670185810.60,98.95,144.54,214.02, 
512727,1670185811.00,110.70,109.38,139.16, 
513118,1670185811.40,134.63,45.64,89.59, 
513525,1670185811.80,215.89,-40.66,-65.72, 
513916,1670185812.20,212.43,-143.23,-159.49, 
514318,1670185812.60,142.59,-141.22,-125.78, 
514727,1670185813.00,67.25,-72.21,-96.78, 
515121,1670185813.40,21.16,-65.25,-38.97, 
515514,1670185813.80,29.83,-91.15,21.07, 
515917,1670185814.20,67.87,-143.64,94.99, 
516313,1670185814.60,80.27,-183.08,101.47, 
516712,1670185815.00,56.52,-145.73,40.15, 
517124,1670185815.40,66.73,-112.64,51.68, 
517513,1670185815.80,88.63,-1.29,-33.32, 
517924,1670185816.20,71.03,55.21,-89.37, 
518313,1670185816.60,7.68,66.45,-108.41, 
