nm;;348.657;351.320;353.980;356.636;359.290;361.940;364.586;367.229;369.869;372.505;375.138;377.767;380.392;383.014;385.633;388.247;390.858;393.465;396.068;398.668;401.263;403.855;406.443;409.026;411.606;414.182;416.753;419.321;421.884;424.443;426.998;429.549;432.096;434.638;437.176;439.709;442.238;444.763;447.283;449.799;452.310;454.816;457.318;459.816;462.309;464.797;467.280;469.759;472.233;474.702;477.166;479.626;482.081;484.530;486.975;489.415;491.850;494.280;496.705;499.124;501.539;503.949;506.353;508.752;511.146;513.535;515.919;518.297;520.670;523.038;525.400;527.757;530.109;532.455;534.796;537.131;539.461;541.785;544.104;546.417;548.725;551.027;553.323;555.614;557.899;560.178;562.452;564.720;566.983;569.239;571.490;573.735;575.974;578.207;580.435;582.656;584.872;587.082;589.286;591.484;593.676;595.862;598.042;600.216;602.383;604.545;606.701;608.851;610.995;613.132;615.264;617.389;619.509;621.622;623.729;625.829;627.924;630.012;632.094;634.170;636.240;638.303;640.360;642.411;644.456;646.494;648.526;650.552;652.571;654.584;656.591;658.592;660.586;662.573;664.555;666.530;668.498;670.460;672.416;674.366;676.309;678.245;680.175;682.099;684.016;685.927;687.832;689.730;691.622;693.507;695.386;697.258;699.124;700.983;702.836;704.683;706.523;708.357;710.184;712.005;713.819;715.627;717.429;719.224;721.013;722.795;724.571;726.340;728.103;729.860;731.610;733.354;735.091;736.822;738.547;740.265;741.977;743.683;745.382;747.075;748.761;750.441;752.115;753.783;755.444;757.099;758.748;760.390;762.026;763.656;765.280;766.897;768.509;770.114;771.713;773.305;774.892;776.472;778.047;779.615;781.177;782.733;784.283;785.827;787.365;788.897;790.423;791.943;793.457;794.965;796.467;797.964;799.454;800.939;802.418;803.890;805.358;806.819;808.275;809.725;811.169;812.608;814.041;815.468;816.890;818.306;819.717;821.122;822.522;823.916;825.305;826.689;828.067;829.440;830.807;832.169;833.526;834.878;836.225;837.566;838.902;840.234;841.560;842.881;844.197;845.508;846.814;848.116;849.412;850.704;851.991;853.273;854.551;855.824;857.092;858.356
2024-01-27 21:00:51;"PAR: 0; Depth: - 336.0";0.0000;0.0000;0.3487;0.0000;0.0000;0.1046;0.0000;0.4185;0.1860;0.6393;0.5115;0.0000;0.3138;0.0697;0.1046;0.2441;0.1046;0.0813;0.0581;0.1511;0.2092;0.2092;0.1743;0.1162;0.0232;0.0813;0.0930;0.0000;0.0348;0.0000;0.0581;0.3720;0.5115;0.4766;0.4417;0.1395;0.0697;0.0000;0.0000;0.0232;0.0581;0.0232;0.0465;0.0000;0.0000;0.0000;0.0000;0.0000;0.0000;0.0000;0.1162;0.1046;0.3022;0.2208;0.2557;0.3952;0.1860;0.1046;0.1162;0.1046;0.0348;0.0813;0.0116;0.0581;0.0000;0.0000;0.1046;0.0000;0.0930;0.0465;0.0465;0.0930;0.2441;0.4533;1.0578;1.6507;2.3598;2.9411;2.9062;2.4063;1.5926;0.9765;0.5580;0.1860;0.2325;0.1743;0.0930;0.0930;0.0813;0.2906;0.4417;0.5115;0.9765;0.9532;0.9300;0.8951;0.8835;0.9300;0.9416;0.8253;0.6858;0.6858;0.7207;1.0695;1.3833;2.2552;3.3828;3.9176;4.1152;3.3363;2.3366;1.6507;1.2787;1.1508;1.2555;0.9300;0.9648;0.8253;0.5812;0.5463;0.2441;0.3138;0.3487;0.3371;0.3022;0.4417;0.1511;0.3720;0.5347;0.1860;0.2906;0.4068;0.5696;0.3720;0.0930;0.1278;0.0000;0.0813;0.2325;0.0581;0.0930;0.3720;0.4301;0.0116;0.2325;0.3720;0.6161;0.0348;0.1046;0.4533;0.1511;0.4068;0.4882;0.6510;1.0695;0.5231;1.0695;0.8253;0.6975;0.4766;0.2092;0.1395;0.1627;0.0000;0.1278;0.0000;0.1278;0.0465;0.0000;0.0000;0.1046;0.0232;0.0930;0.0000;0.0930;0.0465;0.0000;0.1627;0.2557;0.0000;0.1162;0.1162;0.0000;0.3138;0.0000;0.0000;0.0000;0.0000;0.4998;0.0465;0.0000;0.0000;0.1046;0.1046;0.0000;0.0000;0.1627;0.0000;0.0000;0.1162;0.4417;0.6393;0.1162;0.0000;0.6045;0.0000;0.0000;0.2673;0.4417;0.0000;0.3836;0.2208;0.1046;0.4417;0.1860;0.2673;0.0000;0.1511;0.6045;0.2441;1.0695;0.2208;0.2208;1.1741;0.3952;0.0000;0.5347;0.0000;0.0000;0.9416;0.7788;0.4882;0.8486;0.0000;0.5580;0.3138;0.3720;0.0581;0.0000;1.4880;0.4068;0.6510;0.7207;0.4301;0.3720;1.1973;0.6626;1.5693;3.4991;0.1395;1.1043;0.0697;0.5812;1.7088;0.9183;1.4066
2024-01-27 21:01:00;"PAR: 104; Depth: - 336.0";0.0000;0.0000;0.0000;0.0000;4.2562;0.8512;0.0000;8.0869;0.0000;3.8306;6.8100;0.0000;0.0000;0.0000;0.0000;5.1075;0.8512;0.0000;0.0000;0.0000;0.0000;0.0000;0.4256;6.3844;5.5331;12.3432;16.5995;20.4302;36.1784;47.6704;66.8237;96.6178;133.2219;183.0205;239.2036;305.6018;368.1693;421.3729;473.2997;488.1967;494.5812;477.9816;444.7826;417.5423;377.1075;348.5903;326.8832;306.0274;292.8329;283.8947;281.3409;280.9153;288.5766;294.5354;302.6224;307.3043;312.4118;321.7757;327.3089;331.1395;340.0778;342.2059;347.3135;352.4210;353.2723;354.9748;359.6567;364.3386;376.2562;379.6613;383.9176;391.5789;395.8352;400.9427;400.0915;402.6453;408.6041;410.3066;412.8604;418.8192;415.8398;418.3935;409.8810;415.4141;415.4141;419.2448;413.7116;414.9885;410.7322;414.9885;421.3729;424.7780;433.2906;434.5675;436.2700;436.6956;446.9107;451.1670;464.3615;465.6384;472.8741;480.9610;493.3043;501.3913;505.6475;506.0732;517.1395;515.0114;521.8215;521.8215;528.2059;530.3340;527.3546;529.0572;530.7597;522.2471;515.0114;509.9038;501.3913;500.5400;483.0892;480.9610;475.4279;465.2128;459.2540;444.3569;435.4187;429.8855;409.4553;399.6659;385.6201;367.7437;368.1693;348.5903;333.6933;323.4782;307.3043;296.6636;285.5972;273.6796;263.8901;258.3569;243.0343;229.8398;219.6247;206.0045;210.6864;187.2768;177.0617;165.5697;161.7391;160.4622;155.7803;148.9702;147.6933;120.4530;131.9450;116.1967;110.6636;107.6842;100.4485;86.8283;92.3615;80.8695;92.7871;67.6750;68.1006;63.4187;64.2700;49.7986;62.1418;42.9885;43.4141;46.8192;47.2448;48.9473;26.3890;30.6453;37.4553;33.1990;38.7322;30.6453;26.3890;30.6453;21.2814;15.3226;20.0045;16.5995;28.9427;28.0915;20.8558;19.1533;4.6819;6.8100;11.9176;5.9588;5.9588;0.0000;0.0000;6.3844;6.3844;1.2768;4.2562;1.2768;9.3638;0.0000;0.0000;0.0000;2.5537;0.0000;2.5537;0.0000;0.0000;0.0000;0.0000;13.6201;0.0000;0.0000;0.0000;0.0000;17.8764;0.0000;0.0000;12.7688;0.0000;0.0000;11.4919;0.0000;3.4050;0.0000;0.0000;5.1075;0.0000;0.0000;26.3890;5.5331;0.0000;2.1281;0.0000;8.5125;8.5125;0.0000;15.3226;15.7482;4.2562;27.6659;0.0000;28.5171;2.5537;0.0000;22.9839;0.0000;0.0000;22.1327;0.0000;0.0000
2024-01-27 21:01:07;"PAR: 145; Depth: - 336.0";3.6116;13.8446;21.0679;4.8155;23.4757;33.7087;36.1165;39.1262;43.3398;41.5339;41.5339;43.3398;33.1067;34.3106;28.8932;25.8834;17.4563;9.6310;11.4368;6.6213;6.0194;8.4271;11.4368;15.6504;13.8446;20.4660;27.0873;33.1067;52.3689;70.4271;92.0970;135.4368;182.3883;249.2038;326.2524;413.5339;505.6310;587.4951;660.9320;684.4077;704.2718;683.2038;639.2621;599.5339;543.5533;500.2135;460.4854;440.0194;417.1456;404.5048;400.8932;399.0873;406.9126;409.9223;424.9708;426.1747;435.2038;443.6310;452.6601;457.4757;468.9126;468.3106;476.1359;480.9514;502.6213;498.4077;499.0097;509.2427;520.0776;523.0873;530.3106;541.7475;551.3786;556.7961;565.2233;560.4077;574.2524;575.4563;574.2524;583.8834;577.8640;576.6601;579.6699;571.8446;576.0582;577.8640;577.2621;574.2524;580.2718;582.0776;590.5048;588.0970;592.3106;601.9417;605.5533;615.7864;624.8155;624.8155;644.0776;647.0873;659.7281;672.3689;683.8058;681.3980;700.6601;721.1262;719.3203;715.1067;728.9514;727.1456;723.5339;730.7572;744.0000;733.1650;732.5631;722.9320;722.9320;715.1067;709.6893;699.4563;686.8155;668.1553;663.3398;653.7087;643.4757;624.2135;601.3398;584.4854;580.8737;560.4077;538.7378;520.0776;509.8446;496.6019;471.9223;454.4660;434.6019;419.5533;409.3203;381.0291;378.0194;370.7961;348.5242;334.6796;333.4757;303.3786;304.5825;270.2718;260.0388;249.8058;240.7766;246.1941;223.9223;222.1165;219.7087;187.2038;198.0388;190.8155;182.9902;166.1359;152.2912;148.0776;149.8834;140.2524;140.8543;123.3980;124.0000;119.1844;104.7378;93.9029;109.5533;100.5242;101.1262;98.1165;99.3203;86.0776;71.6310;74.6407;77.0485;63.2038;81.8640;66.8155;66.8155;78.8543;65.6116;51.1650;65.6116;49.9611;85.4757;57.1844;51.1650;60.7961;60.7961;48.7572;52.3689;46.9514;48.7572;37.3203;36.1165;34.9126;36.7184;46.3495;41.5339;35.5145;43.9417;41.5339;18.6601;33.1067;55.9805;34.3106;58.9902;33.7087;42.7378;57.1844;3.6116;52.3689;33.7087;28.2912;45.1456;50.5631;59.5922;59.5922;44.5436;45.1456;18.0582;58.9902;77.0485;2.4077;31.9029;78.2524;52.9708;60.7961;83.0679;40.3300;87.2815;62.6019;46.9514;96.9126;43.9417;94.5048;44.5436;91.4951;86.0776;69.2233;66.8155;130.0194;43.9417;94.5048;94.5048;86.0776;154.0970;57.1844;102.3300;119.1844;71.0291;88.4854
2024-01-27 21:01:09;"PAR: 147; Depth: - 336.0";0.0000;6.1386;16.5742;0.0000;20.8712;14.7326;7.3663;25.7821;42.3564;23.3267;34.9900;25.1683;31.9207;14.1188;12.8910;16.5742;7.3663;9.2079;4.9108;3.6831;4.2970;5.5247;4.9108;13.5049;11.0495;17.1881;23.3267;33.1485;50.9504;70.5940;93.9207;133.8217;178.6336;248.6138;324.1188;414.3564;499.6831;591.1485;667.8811;697.9603;708.3960;686.2970;654.9900;601.5841;550.0198;507.6633;475.7425;445.0495;419.8811;411.9009;407.6039;405.7623;407.6039;414.9702;423.5643;431.5445;445.6633;457.9405;460.3960;465.9207;472.0594;475.7425;480.0396;491.0891;498.4554;505.8217;515.0297;511.3465;518.0990;530.9900;537.7425;557.3861;556.1584;548.1782;563.5247;570.8910;575.8019;585.6237;586.8514;592.3762;586.8514;578.8712;587.4653;582.5544;580.0990;586.8514;586.2376;591.7623;599.1287;591.1485;602.1980;596.6732;607.1089;612.0198;627.3663;623.6831;635.9603;642.0990;645.7821;652.5346;667.2673;678.3168;684.4554;696.1188;707.1683;716.9900;731.1089;727.4257;734.1782;735.4059;734.1782;740.3168;734.7920;729.8811;735.4059;729.8811;726.1980;724.9702;712.0792;689.3663;687.5247;666.0396;665.4257;643.9405;637.8019;620.0000;604.0396;597.9009;569.0495;551.8613;546.9504;526.0792;502.1386;496.6138;472.6732;465.3069;445.6633;420.4950;403.3069;404.5346;377.5247;372.6138;364.0198;322.2772;302.6336;297.1089;295.8811;269.4851;257.2079;245.5445;236.9504;240.6336;229.5841;224.0594;209.9405;181.0891;195.2079;183.5445;170.6534;163.2871;144.8712;144.8712;146.7128;136.2772;133.8217;114.1782;106.8118;118.4752;108.0396;93.9207;98.2178;97.6039;89.0099;78.5742;82.8712;73.0495;90.8514;73.0495;56.4752;60.7722;60.7722;66.9108;49.1089;49.1089;25.7821;49.7227;42.3564;25.1683;52.1782;60.7722;44.1980;55.2475;33.7623;12.8910;21.4851;33.7623;28.8514;20.8712;17.1881;27.6237;37.4455;31.9207;42.3564;22.7128;31.9207;22.0990;8.5940;33.7623;35.6039;0.0000;36.8316;15.3465;38.0594;33.1485;14.1188;47.2673;7.9801;14.7326;38.0594;8.5940;54.6336;8.5940;29.4653;43.5841;18.4158;16.5742;57.7029;0.0000;0.0000;44.8118;20.2574;36.2178;21.4851;22.0990;81.0297;41.7425;39.9009;40.5148;5.5247;33.1485;24.5544;46.6534;41.1287;61.3861;48.4950;79.8019;23.9405;55.2475;124.6138;69.3663;76.7326;0.0000;27.0099;50.9504;68.7524;98.8316
2024-01-28 09:16:17;"PAR: 69; Depth: - 336.0";0.0000;14.1444;11.3155;0.0000;22.6311;18.3878;0.0000;25.4600;24.7528;19.0950;37.4828;43.8479;59.4068;95.4752;129.4220;152.0532;165.4904;217.1178;272.9885;318.9581;346.5399;377.6577;388.2661;395.3384;417.9695;433.5285;434.9429;441.3079;440.6007;435.6501;437.7718;450.5019;471.0114;491.5209;512.7376;533.9543;547.3916;558.0000;572.8517;582.0456;596.8973;608.2129;622.3574;642.1596;645.6958;658.4258;661.9619;664.7908;679.6425;683.1787;685.3003;678.2281;658.4258;647.1102;636.5019;622.3574;603.2623;577.0950;544.5627;506.3726;463.2319;420.0912;360.6844;305.5209;267.3307;241.8707;229.8479;222.0684;220.6539;214.2889;212.8745;216.4106;202.9733;190.2433;187.4144;176.8060;166.9049;155.5893;132.9581;126.5931;121.6425;111.0342;104.6692;92.6463;100.4258;92.6463;73.5513;71.4296;64.3574;50.9201;50.9201;39.6045;41.0190;26.1673;23.3384;12.7300;8.4866;9.9011;7.7794;0.0000;0.0000;0.0000;4.9505;0.0000;0.0000;0.0000;5.6577;2.1216;2.1216;0.0000;0.0000;0.7072;2.1216;0.7072;3.5361;0.0000;0.0000;0.7072;3.5361;1.4144;0.0000;0.0000;6.3650;0.0000;2.8288;5.6577;0.0000;11.3155;0.7072;0.0000;2.1216;0.0000;7.0722;7.0722;0.0000;7.0722;0.0000;0.0000;0.7072;0.0000;0.0000;2.1216;0.0000;2.1216;0.0000;0.0000;13.4372;0.0000;0.0000;0.0000;0.0000;6.3650;0.0000;3.5361;0.0000;0.0000;4.2433;0.0000;1.4144;0.0000;0.0000;0.0000;4.9505;0.0000;4.9505;0.0000;0.0000;0.0000;0.0000;0.0000;7.7794;0.0000;0.0000;7.0722;7.0722;7.0722;1.4144;11.3155;14.1444;0.0000;5.6577;11.3155;0.0000;2.8288;0.0000;0.0000;2.8288;0.0000;18.3878;17.6806;0.0000;6.3650;0.0000;0.0000;0.0000;0.0000;0.0000;0.0000;0.0000;0.0000;0.0000;0.0000;0.0000;9.1939;5.6577;3.5361;0.0000;0.0000;4.2433;0.0000;19.0950;0.0000;0.0000;2.1216;0.0000;22.6311;0.0000;0.0000;31.1178;0.0000;29.7034;0.0000;4.9505;31.8250;0.0000;0.0000;43.8479;0.0000;0.0000;8.4866;0.0000;0.0000;0.0000;0.0000;27.5817;9.1939;26.1673;26.8745;0.0000;34.6539;3.5361;10.6083;0.0000;44.5551;41.7262;42.4334;0.0000;39.6045;12.7300;29.7034;79.9163;0.0000;17.6806;0.0000;14.1444;62.2357
2024-01-28 09:16:19;"PAR: 66; Depth: - 336.0";0.0000;2.6859;19.4729;0.0000;28.8736;23.5018;20.1444;39.6173;21.4873;14.7725;33.5740;18.8014;47.6750;94.6787;108.7797;144.3682;159.1407;212.1877;271.2779;306.8664;335.7400;361.2563;373.3429;386.1010;404.9025;419.0036;419.6750;431.0902;424.3754;416.9891;425.0469;432.4332;451.9061;472.0505;490.1805;509.6534;530.4693;539.1985;551.9566;555.9855;567.4007;575.4584;602.9891;615.0758;615.7472;631.8628;634.5487;637.9061;649.9927;654.6931;651.3357;649.3212;625.1480;618.4332;612.3898;593.5884;574.7870;549.9422;515.6967;475.4079;434.4476;392.8158;349.1696;298.8086;253.1480;224.2743;219.5740;206.1444;203.4584;208.1588;201.4440;200.1010;191.3718;184.6570;179.9566;169.2129;162.4981;145.0397;131.6101;120.1949;111.4657;108.1083;102.0649;84.6064;87.9638;83.2635;72.5198;73.8628;63.1191;55.7328;48.3465;40.2888;37.6028;26.1877;18.8014;8.7292;10.7436;1.3429;14.1010;0.0000;0.6714;0.0000;3.3574;10.7436;4.7003;2.6859;1.3429;2.0144;0.0000;0.0000;0.0000;0.6714;0.0000;0.6714;6.7148;0.6714;3.3574;2.0144;0.0000;4.7003;0.0000;0.0000;1.3429;0.0000;5.3718;6.0433;0.0000;8.0577;0.6714;2.0144;8.0577;5.3718;4.7003;1.3429;0.0000;6.7148;0.0000;0.0000;0.0000;0.0000;0.0000;8.7292;2.0144;0.0000;0.0000;0.0000;6.7148;0.0000;0.0000;0.0000;0.0000;17.4584;5.3718;1.3429;10.7436;0.0000;8.7292;2.0144;3.3574;1.3429;0.0000;2.0144;0.0000;0.0000;9.4007;0.0000;0.0000;8.7292;0.0000;0.0000;10.0722;4.0288;7.3862;4.0288;13.4296;13.4296;0.0000;0.0000;9.4007;0.0000;6.7148;2.6859;0.0000;10.7436;6.7148;0.0000;1.3429;0.0000;8.7292;4.0288;4.7003;0.0000;0.0000;0.0000;0.0000;3.3574;0.0000;0.0000;0.0000;0.0000;12.0866;2.0144;12.7581;0.0000;23.5018;2.0144;0.0000;5.3718;2.0144;0.0000;29.5451;0.0000;2.0144;2.0144;0.0000;21.4873;40.2888;0.0000;25.5162;6.7148;26.1877;0.0000;2.6859;52.3754;0.0000;0.0000;33.5740;0.0000;2.6859;24.1732;0.0000;33.5740;0.0000;0.0000;62.4476;30.2166;21.4873;38.2743;0.0000;0.0000;26.8592;33.5740;59.0902;28.2021;21.4873;58.4187;18.8014;18.8014;0.0000;0.0000;55.7328;0.0000;33.5740;38.9458;0.0000;26.8592
2024-01-28 09:16:24;"PAR: 60; Depth: - 336.0";9.6310;12.0388;19.2621;0.0000;15.0485;14.4466;0.0000;28.2912;19.2621;39.1262;41.5339;37.3203;55.9805;86.0776;108.3495;137.8446;155.9029;193.8252;250.4077;289.5339;308.7961;329.2621;343.1067;355.7475;376.2135;380.4271;388.8543;397.2815;393.0679;382.8349;393.0679;394.2718;413.5339;437.0097;454.4660;471.3203;482.7572;486.3689;495.3980;504.4271;515.2621;529.7087;541.7475;559.2038;559.2038;568.8349;576.6601;576.0582;586.8932;587.4951;581.4757;580.2718;564.6213;555.5922;548.9708;535.1262;524.2912;496.0000;462.2912;429.1844;392.4660;354.5436;312.4077;272.6796;234.1553;210.0776;195.6310;187.2038;188.4077;190.2135;184.1941;182.3883;178.1747;170.3495;163.1262;153.4951;152.2912;131.2233;117.9805;114.9708;102.3300;102.9320;97.5145;86.6796;86.6796;83.0679;73.4368;65.6116;52.9708;48.1553;49.9611;29.4951;36.1165;22.8737;11.4368;13.8446;11.4368;6.6213;7.8252;0.0000;1.2038;3.6116;4.8155;7.2233;0.0000;0.0000;3.0097;0.6019;4.2135;0.0000;0.0000;8.4271;4.8155;5.4174;10.8349;0.0000;2.4077;3.0097;0.6019;9.6310;0.0000;3.6116;9.6310;0.6019;4.8155;1.8058;0.0000;12.6407;0.0000;0.0000;9.6310;1.8058;13.2427;7.2233;0.6019;0.0000;0.0000;0.0000;7.8252;0.0000;1.8058;6.0194;3.0097;1.8058;1.8058;0.0000;13.8446;0.0000;6.0194;0.0000;0.6019;13.2427;12.6407;1.2038;12.0388;0.0000;1.8058;6.6213;4.2135;1.8058;4.2135;0.0000;5.4174;0.0000;4.2135;0.0000;9.6310;12.6407;0.0000;0.0000;15.0485;9.0291;12.0388;3.6116;4.8155;13.2427;0.0000;0.0000;2.4077;0.0000;22.8737;7.2233;0.0000;11.4368;0.0000;0.0000;0.0000;0.0000;17.4563;5.4174;10.8349;17.4563;4.2135;0.0000;5.4174;1.2038;1.2038;0.0000;0.0000;7.2233;4.2135;4.8155;27.0873;0.0000;13.2427;3.0097;0.0000;1.8058;1.8058;0.0000;22.8737;0.0000;5.4174;26.4854;0.0000;15.6504;23.4757;0.0000;34.9126;15.0485;27.6893;11.4368;6.6213;42.7378;6.6213;12.0388;27.6893;0.0000;24.6796;26.4854;2.4077;50.5631;2.4077;0.0000;18.6601;7.8252;22.2718;42.7378;0.0000;58.9902;15.0485;27.0873;58.9902;6.0194;44.5436;55.3786;0.0000;40.3300;0.0000;10.8349;60.7961;0.0000;64.4077;80.6601;0.0000;84.8737
2024-01-28 09:16:27;"PAR: 64; Depth: - 336.0";3.8482;7.6965;13.4689;0.0000;18.6000;4.4896;8.9793;28.8620;39.7655;35.2758;60.2896;57.7241;67.9862;77.6068;125.7103;143.6689;159.7034;199.4689;261.6827;303.3724;326.4620;354.6827;365.5862;373.9241;391.2413;405.9931;409.2000;419.4620;414.3310;402.7862;414.3310;416.2551;442.5517;465.0000;479.7517;496.4275;516.3103;522.7241;538.1172;545.8137;554.1517;557.3586;568.9034;590.7103;595.8413;613.1586;613.1586;612.5172;624.0620;633.6827;633.0413;622.1379;603.5379;590.7103;589.4275;563.1310;558.0000;534.9103;495.7862;457.3034;420.1034;375.2068;332.8758;285.4137;255.9103;221.2758;214.8620;200.7517;198.8275;201.3931;198.1862;196.2620;187.9241;181.5103;174.4551;159.0620;150.0827;141.1034;126.9931;119.2965;107.1103;105.8275;97.4896;87.8689;85.9448;82.7379;71.1931;68.6275;62.2137;57.0827;51.9517;40.4068;37.2000;23.7310;19.8827;14.7517;5.7724;8.9793;11.5448;1.9241;4.4896;3.8482;6.4137;7.6965;4.4896;4.4896;8.3379;3.2068;6.4137;2.5655;0.0000;5.1310;7.6965;14.7517;8.9793;1.2827;5.7724;8.3379;4.4896;5.1310;0.0000;5.1310;7.0551;1.2827;8.9793;6.4137;0.0000;8.3379;1.9241;1.9241;8.3379;4.4896;11.5448;10.2620;1.2827;6.4137;0.0000;16.0344;14.1103;0.0000;5.1310;14.7517;9.6206;4.4896;0.0000;5.1310;19.8827;8.9793;1.9241;0.0000;0.6413;17.9586;0.0000;14.7517;13.4689;0.0000;14.1103;14.1103;1.9241;11.5448;1.2827;23.7310;11.5448;1.2827;12.8275;0.0000;8.9793;8.9793;2.5655;0.0000;25.6551;0.0000;7.0551;15.3931;12.8275;9.6206;1.2827;23.0896;12.8275;0.0000;8.9793;7.6965;7.6965;12.1862;0.0000;0.0000;25.0137;0.0000;36.5586;23.7310;19.8827;24.3724;2.5655;8.3379;15.3931;0.0000;3.2068;0.0000;9.6206;9.6206;13.4689;16.6758;9.6206;0.0000;21.1655;23.0896;0.0000;1.9241;18.6000;7.6965;34.6344;0.0000;0.0000;28.2206;5.7724;35.2758;21.1655;21.8068;33.3517;0.0000;26.9379;23.0896;19.2413;41.0482;34.6344;25.0137;51.9517;0.0000;0.0000;33.9931;18.6000;43.6137;0.0000;5.7724;62.2137;31.4275;20.5241;26.9379;0.0000;31.4275;16.0344;55.8000;69.2689;33.9931;58.3655;75.6827;0.0000;39.7655;29.5034;57.7241;76.3241;0.0000;51.9517;48.7448;63.4965;68.6275
2024-01-28 09:16:29;"PAR: 62; Depth: - 336.0";16.8523;18.1006;16.8523;8.1140;31.2080;8.7382;22.4697;34.9530;44.9395;34.3288;38.0738;41.1946;78.6442;92.3758;126.0805;134.1946;156.0402;201.6040;252.1610;295.2281;315.8255;343.2885;355.1476;362.6375;380.1140;391.9731;398.8389;408.2013;405.7046;395.7181;393.2214;402.5838;427.5503;448.1476;461.8791;476.8590;487.4697;501.2013;514.9328;519.3020;535.5302;541.1476;558.6241;572.3557;574.2281;584.8389;594.8255;591.7046;601.6912;609.8053;606.6845;601.6912;584.8389;574.2281;571.1073;556.1275;532.4093;508.6912;473.7382;438.1610;409.4496;367.0067;320.8187;282.1208;237.8053;210.3422;205.3489;192.2416;197.8590;193.4899;192.2416;190.9932;190.9932;174.1409;172.2684;157.2885;150.4228;141.6845;120.4630;113.5973;109.8523;103.6107;94.8724;81.1409;86.1342;83.0134;71.1543;66.7852;50.5570;57.4228;46.8120;37.4496;33.7046;32.4563;21.2214;18.1006;8.7382;6.8657;8.7382;4.3691;4.3691;6.8657;6.2416;14.9798;0.6241;6.2416;6.2416;4.3691;7.4899;4.3691;0.0000;6.8657;8.7382;2.4966;13.1073;7.4899;6.8657;9.3624;1.8724;8.7382;0.0000;4.3691;12.4832;6.2416;9.3624;9.3624;0.0000;14.9798;4.3691;5.6174;8.7382;4.3691;16.8523;14.3557;3.7449;6.2416;7.4899;5.6174;13.1073;0.0000;4.9932;16.2281;8.1140;7.4899;6.2416;0.0000;15.6040;5.6174;4.3691;0.0000;0.0000;21.2214;20.5973;9.9865;14.9798;3.7449;3.7449;1.8724;8.1140;4.9932;0.0000;9.3624;12.4832;0.0000;5.6174;1.2483;8.7382;15.6040;18.1006;8.1140;21.8456;13.7315;19.3489;16.2281;0.0000;20.5973;12.4832;19.9731;17.4765;1.2483;0.0000;14.3557;0.0000;19.3489;1.2483;8.7382;22.4697;18.1006;25.5906;16.8523;11.2348;16.8523;17.4765;6.8657;16.2281;3.1208;7.4899;3.1208;6.2416;28.0872;11.2348;9.3624;13.1073;0.0000;16.8523;20.5973;16.2281;16.2281;28.7114;0.0000;40.5704;0.0000;33.0805;18.1006;26.2147;42.4429;16.8523;0.0000;34.3288;26.2147;44.3154;16.2281;29.9597;48.6845;35.5771;6.8657;41.1946;0.0000;18.1006;43.0671;30.5838;23.7181;26.8389;33.7046;66.1610;44.9395;46.1879;59.2953;36.8255;43.0671;34.3288;19.3489;58.0469;42.4429;72.4026;104.8590;52.4295;56.1744;28.7114;26.2147;100.4899;27.4630;35.5771;79.8926;33.0805;75.5234
2024-01-28 09:49:13;"PAR: 62; Depth: - 336.0";10.1224;14.5510;22.1428;8.2244;24.6734;24.6734;34.1632;32.8979;26.5714;25.3061;49.9795;59.4693;67.0612;101.8571;118.3061;142.9795;156.8979;198.0204;250.5306;288.4897;314.4285;345.4285;352.3877;363.1428;381.4897;392.2448;397.3061;406.7959;402.3673;396.0408;397.3061;404.2653;424.5102;449.1836;471.9591;482.7142;493.4693;507.3877;514.9795;517.5102;532.6938;544.7142;563.0612;582.6734;588.3673;594.6938;602.2857;597.8571;614.9387;625.0612;620.6326;610.5102;596.5918;582.0408;566.8571;552.3061;537.1224;508.6530;475.7551;442.8571;406.7959;361.8775;319.4897;268.2448;229.0204;200.5510;194.2244;185.3673;187.2653;182.2040;176.5102;174.6122;172.7142;158.7959;159.4285;145.5102;137.2857;122.7346;114.5102;106.9183;100.5918;90.4693;88.5714;77.1836;78.4489;67.0612;62.6326;63.2653;53.1428;40.4897;37.3265;36.0612;29.1020;25.3061;24.0408;13.9183;12.6530;11.3877;12.6530;0.0000;12.0204;8.8571;5.0612;12.6530;0.0000;1.8979;11.3877;5.0612;3.7959;0.0000;0.0000;5.6938;6.3265;6.9591;15.8163;6.9591;3.7959;8.2244;5.6938;8.8571;5.0612;3.1632;6.3265;2.5306;12.6530;6.9591;5.6938;15.1836;3.7959;0.0000;6.3265;5.6938;12.6530;8.8571;7.5918;12.0204;3.1632;8.8571;6.3265;0.6326;13.9183;14.5510;11.3877;7.5918;11.3877;13.2857;22.7755;0.0000;0.0000;12.6530;1.8979;23.4081;9.4897;8.8571;19.6122;0.0000;15.1836;1.2653;4.4285;11.3877;4.4285;7.5918;6.3265;3.1632;12.6530;5.6938;6.9591;22.1428;0.0000;1.2653;8.2244;5.6938;16.4489;16.4489;12.6530;24.6734;8.8571;15.1836;16.4489;0.0000;15.8163;19.6122;15.8163;8.8571;0.0000;6.3265;31.0000;0.0000;23.4081;23.4081;8.2244;18.3469;14.5510;8.2244;8.8571;8.8571;20.8775;0.0000;1.2653;17.7142;24.0408;21.5102;13.2857;3.1632;34.7959;31.0000;0.0000;27.2040;31.0000;0.0000;56.3061;5.6938;35.4285;31.6326;22.7755;50.6122;18.9795;1.8979;36.6938;24.0408;53.1428;16.4489;25.3061;56.9387;17.0816;27.2040;73.3877;0.0000;18.3469;33.5306;34.7959;39.8571;24.6734;0.0000;74.6530;34.7959;31.6326;36.0612;27.8367;34.1632;46.8163;6.3265;81.6122;89.8367;43.6530;55.0408;36.0612;63.8979;0.0000;48.7142;79.0816;20.2448;51.2448;80.9795;74.6530;123.3673
2024-01-28 09:49:17;"PAR: 64; Depth: - 336.0";0.0000;0.0000;5.3718;0.0000;10.7436;6.0433;0.0000;15.4440;5.3718;9.4007;39.6173;46.3321;51.0324;79.2346;106.7653;130.9386;161.8267;201.4440;264.5631;302.8375;320.2960;349.1696;362.5992;378.0433;394.1588;411.6173;415.6462;419.0036;416.3176;415.6462;421.0180;420.3465;444.5198;468.0216;484.1371;511.6678;519.7256;525.0974;536.5126;547.9277;568.7436;575.4584;596.9458;610.3754;613.7328;623.8050;639.2490;642.6064;648.6498;652.6787;648.6498;646.6353;629.8483;615.0758;598.9602;580.1588;574.7870;539.8700;500.9241;464.6642;427.7328;384.0866;327.0108;276.6498;238.3754;209.5018;202.1155;187.3429;187.3429;188.0144;187.3429;188.0144;177.2707;163.8411;159.1407;145.7111;140.3393;124.2238;118.1805;113.4801;98.7075;100.0505;85.9494;71.1768;82.5920;71.1768;55.7328;57.0758;48.3465;42.3032;37.6028;28.2021;26.8592;18.8014;10.7436;7.3862;4.0288;0.0000;2.0144;0.0000;0.0000;0.0000;0.0000;3.3574;0.0000;0.0000;0.0000;0.6714;3.3574;0.0000;0.0000;4.0288;3.3574;0.0000;4.7003;0.6714;0.0000;1.3429;1.3429;6.0433;0.0000;0.0000;2.6859;0.0000;0.0000;2.6859;0.0000;7.3862;0.0000;0.0000;0.0000;0.0000;7.3862;4.7003;0.0000;0.6714;0.0000;0.6714;0.0000;0.0000;0.0000;0.0000;0.0000;5.3718;0.0000;0.0000;0.6714;0.0000;0.0000;0.0000;0.0000;14.7725;2.0144;0.0000;18.8014;0.0000;1.3429;0.0000;0.0000;0.0000;0.0000;0.0000;0.0000;0.0000;13.4296;0.0000;0.0000;0.0000;0.0000;0.0000;0.0000;0.0000;2.6859;0.0000;0.0000;6.7148;0.0000;2.6859;8.0577;0.0000;8.0577;0.0000;0.0000;26.1877;0.0000;0.0000;0.0000;0.0000;8.7292;0.0000;4.7003;18.1299;0.0000;0.0000;0.0000;0.0000;3.3574;0.0000;0.0000;0.0000;0.0000;0.0000;2.0144;0.0000;0.0000;0.0000;0.0000;0.0000;14.1010;0.0000;14.1010;0.0000;0.0000;0.0000;6.0433;45.6606;0.0000;0.0000;6.7148;4.7003;14.7725;0.0000;0.0000;24.8447;2.6859;0.0000;41.6317;0.0000;0.0000;16.7870;39.6173;20.1444;8.7292;0.0000;55.7328;0.0000;0.0000;22.1588;0.0000;9.4007;0.0000;0.0000;34.9169;14.1010;10.0722;43.6462;0.0000;26.1877;0.0000;0.0000;71.8483;0.0000;0.0000;25.5162;0.0000;53.7184
2024-01-28 09:49:21;"PAR: 68; Depth: - 336.0";0.0000;19.0950;29.7034;7.7794;20.5095;29.7034;16.9733;31.1178;20.5095;23.3384;50.2129;41.7262;78.5019;88.4030;124.4714;148.5171;166.9049;210.7528;274.4030;309.7642;337.3460;364.2205;380.4866;392.5095;408.0684;420.0912;422.9201;440.6007;437.0646;436.3574;435.6501;438.4790;466.0608;484.4486;508.4942;526.8821;536.7832;560.1216;574.2661;574.2661;589.8250;596.1901;624.4790;637.9163;641.4524;654.8897;676.1064;666.2053;680.3498;693.0798;683.8859;673.9847;660.5475;644.9885;636.5019;620.9429;607.5057;570.0228;530.4182;495.7642;455.4524;406.6539;347.9543;301.9847;263.7946;226.3117;221.3612;202.9733;209.3384;209.3384;196.6083;195.9011;196.6083;183.1711;175.3916;164.0760;158.4182;145.6882;128.7148;123.7642;118.1064;106.7908;103.9619;86.2813;88.4030;79.2091;70.7224;72.8441;59.4068;52.3346;45.9695;35.3612;31.8250;26.8745;21.2167;11.3155;6.3650;7.0722;11.3155;0.7072;0.7072;0.0000;2.8288;10.6083;2.1216;1.4144;8.4866;4.2433;5.6577;0.0000;0.0000;9.1939;10.6083;7.0722;15.5589;0.0000;9.1939;2.8288;4.9505;11.3155;5.6577;5.6577;11.3155;2.1216;10.6083;4.9505;0.0000;18.3878;7.0722;0.0000;8.4866;8.4866;12.7300;11.3155;0.0000;15.5589;0.0000;7.7794;7.7794;0.0000;8.4866;2.8288;0.0000;10.6083;2.8288;9.9011;9.1939;0.0000;0.0000;6.3650;0.0000;24.0456;12.7300;4.2433;16.2661;0.0000;9.1939;5.6577;10.6083;19.8022;5.6577;7.0722;21.2167;15.5589;21.9239;6.3650;0.0000;16.2661;0.0000;0.0000;6.3650;1.4144;2.8288;1.4144;7.0722;16.9733;0.0000;2.8288;19.8022;0.0000;16.2661;13.4372;4.2433;24.7528;0.0000;0.0000;33.2395;0.0000;15.5589;10.6083;0.0000;10.6083;17.6806;4.9505;13.4372;0.0000;25.4600;0.0000;23.3384;19.8022;18.3878;13.4372;33.2395;9.1939;0.0000;9.1939;0.0000;7.7794;34.6539;0.0000;71.4296;0.0000;0.0000;0.0000;6.3650;36.7756;14.1444;0.0000;41.0190;29.7034;47.3840;4.9505;4.9505;39.6045;4.9505;0.0000;74.2585;0.0000;0.0000;33.9467;5.6577;21.2167;0.0000;0.0000;74.9657;45.2623;32.5323;33.2395;0.0000;21.2167;7.0722;0.0000;69.3079;33.2395;26.1673;79.9163;16.2661;74.9657;53.0418;33.2395;92.6463;0.0000;62.2357;41.0190;46.6768;85.5741
2024-01-28 09:51:19;"PAR: 101; Depth: - 336.0";4.0879;20.4395;24.5274;0.0000;36.7912;24.5274;18.3956;42.9230;42.9230;56.2087;74.6043;67.4505;125.7032;170.6703;197.2417;219.7252;247.3186;313.7472;398.5714;461.9340;498.7252;525.2967;552.8901;571.2857;597.8571;621.3626;628.5164;636.6923;624.4285;620.3406;625.4505;631.5824;665.3076;707.2087;740.9340;771.5934;789.9890;810.4285;813.4945;830.8681;846.1978;858.4615;893.2087;927.9560;923.8681;940.2197;955.5494;962.7032;969.8571;987.2307;982.1208;968.8351;945.3296;925.9120;913.6483;902.4065;882.9890;833.9340;780.7912;730.7142;674.5054;620.3406;551.8681;480.3296;408.7912;370.9780;350.5384;331.1208;335.2087;337.2527;331.1208;318.8571;318.8571;302.5054;294.3296;272.8681;261.6263;246.2967;231.9890;204.3956;189.0659;180.8901;173.7362;159.4285;164.5384;152.2747;116.5054;127.7472;105.2637;99.1318;94.0219;66.4285;68.4725;44.9670;28.6153;29.6373;16.3516;9.1978;23.5054;0.0000;5.1098;6.1318;5.1098;26.5714;0.0000;7.1538;7.1538;0.0000;13.2857;4.0879;0.0000;18.3956;15.3296;15.3296;12.2637;0.0000;11.2417;6.1318;6.1318;14.3076;0.0000;8.1758;19.4175;1.0219;21.4615;14.3076;3.0659;23.5054;2.0439;0.0000;7.1538;0.0000;23.5054;16.3516;0.0000;8.1758;0.0000;0.0000;20.4395;5.1098;5.1098;3.0659;12.2637;14.3076;0.0000;0.0000;45.9890;7.1538;0.0000;16.3516;12.2637;16.3516;11.2417;0.0000;45.9890;0.0000;14.3076;15.3296;21.4615;13.2857;0.0000;10.2197;18.3956;12.2637;9.1978;4.0879;9.1978;25.5494;0.0000;0.0000;11.2417;9.1978;29.6373;8.1758;10.2197;50.0769;10.2197;20.4395;47.0109;0.0000;19.4175;19.4175;41.9010;29.6373;0.0000;12.2637;53.1428;2.0439;37.8131;31.6813;31.6813;29.6373;2.0439;0.0000;24.5274;0.0000;9.1978;0.0000;7.1538;2.0439;26.5714;0.0000;54.1648;3.0659;25.5494;11.2417;0.0000;14.3076;21.4615;0.0000;72.5604;0.0000;34.7472;22.4835;13.2857;62.3406;16.3516;0.0000;69.4945;18.3956;79.7142;26.5714;40.8791;61.3186;30.6593;20.4395;99.1318;0.0000;25.5494;58.2527;29.6373;30.6593;0.0000;0.0000;90.9560;13.2857;19.4175;81.7582;29.6373;90.9560;44.9670;0.0000;105.2637;10.2197;113.4395;99.1318;28.6153;103.2197;0.0000;0.0000;140.0109;0.0000;82.7802;71.5384;80.7362;81.7582
2024-01-28 09:51:23;"PAR: 103; Depth: - 336.0";0.0000;25.3636;28.5340;26.4204;40.1590;14.7954;0.0000;35.9318;44.3863;40.1590;70.8068;91.9431;75.0340;151.1250;182.8295;224.0454;255.7500;325.5000;412.1590;468.1704;497.7613;536.8636;565.3977;578.0795;614.0113;639.3750;639.3750;638.3181;643.6022;640.4318;643.6022;652.0568;690.1022;720.7500;755.6250;785.2159;812.6931;816.9204;837.0000;860.2500;884.5568;896.1818;906.7500;950.0795;947.9659;970.1590;986.0113;983.8977;1011.3750;1014.5454;1010.3181;1001.8636;978.6136;953.2500;934.2272;922.6022;891.9545;851.7954;814.8068;755.6250;689.0454;629.8636;555.8863;486.1363;415.3295;372.0000;361.4318;340.2954;346.6363;340.2954;338.1818;332.8977;317.0454;314.9318;296.9659;284.2840;270.5454;252.5795;224.0454;207.1363;195.5113;180.7159;172.2613;156.4090;165.9204;146.8977;131.0454;128.9318;116.2500;102.5113;91.9431;69.7500;66.5795;54.9545;46.5000;24.3068;28.5340;13.7386;14.7954;0.0000;9.5113;0.0000;6.3409;20.0795;7.3977;4.2272;12.6818;3.1704;11.6250;0.0000;0.0000;8.4545;9.5113;5.2840;19.0227;10.5681;14.7954;9.5113;5.2840;15.8522;8.4545;0.0000;7.3977;0.0000;13.7386;14.7954;0.0000;23.2500;10.5681;15.8522;14.7954;8.4545;16.9090;16.9090;0.0000;2.1136;0.0000;11.6250;16.9090;0.0000;14.7954;20.0795;12.6818;8.4545;0.0000;10.5681;29.5909;0.0000;0.0000;4.2272;0.0000;23.2500;20.0795;35.9318;27.4772;0.0000;23.2500;13.7386;10.5681;22.1931;2.1136;10.5681;21.1363;7.3977;27.4772;0.0000;9.5113;14.7954;4.2272;13.7386;28.5340;9.5113;15.8522;11.6250;19.0227;29.5909;6.3409;27.4772;19.0227;2.1136;35.9318;14.7954;0.0000;26.4204;0.0000;23.2500;38.0454;0.0000;27.4772;34.8750;13.7386;33.8181;4.2272;13.7386;34.8750;9.5113;32.7613;0.0000;10.5681;2.1136;24.3068;48.6136;30.6477;20.0795;34.8750;31.7045;3.1704;11.6250;27.4772;12.6818;60.2386;0.0000;6.3409;49.6704;24.3068;58.1250;6.3409;0.0000;58.1250;60.2386;78.2045;30.6477;50.7272;43.3295;0.0000;15.8522;52.8409;0.0000;0.0000;89.8295;34.8750;52.8409;36.9886;24.3068;79.2613;33.8181;59.1818;49.6704;0.0000;46.5000;36.9886;80.3181;81.3750;28.5340;28.5340;124.7045;24.3068;112.0227;36.9886;95.1136;138.4431;27.4772;85.6022;101.4545;63.4090;113.0795
2024-01-28 09:51:27;"PAR: 104; Depth: - 336.0";0.0000;13.8171;28.6971;28.6971;28.6971;29.7600;12.7542;46.7657;57.3942;49.9542;60.5828;47.8285;80.7771;161.5542;174.3085;220.0114;245.5200;316.7314;408.1371;469.7828;499.5428;551.6228;575.0057;585.6342;620.7085;637.7142;631.3371;649.4057;657.9085;640.9028;641.9657;652.5942;687.6685;730.1828;767.3828;792.8914;810.9600;821.5885;848.1600;866.2285;874.7314;904.4914;937.4400;955.5085;960.8228;989.5200;1005.4628;1004.4000;1021.4057;1023.5314;1025.6571;1018.2171;989.5200;974.6400;954.4457;933.1885;908.7428;864.1028;823.7142;771.6342;699.3600;630.2742;553.7485;493.1657;432.5828;387.9428;362.4342;354.9942;363.4971;368.8114;348.6171;345.4285;333.7371;324.1714;312.4800;285.9085;276.3428;260.4000;234.8914;209.3828;198.7542;194.5028;186.0000;155.1771;161.5542;153.0514;144.5485;120.1028;111.6000;95.6571;93.5314;68.0228;72.2742;51.0171;42.5142;19.1314;14.8800;17.0057;12.7542;2.1257;6.3771;0.0000;4.2514;8.5028;0.0000;0.0000;15.9428;0.0000;0.0000;2.1257;0.0000;13.8171;17.0057;7.4400;10.6285;0.0000;1.0628;3.1885;0.0000;6.3771;0.0000;10.6285;3.1885;4.2514;7.4400;5.3142;0.0000;8.5028;3.1885;0.0000;7.4400;2.1257;21.2571;15.9428;0.0000;0.0000;1.0628;1.0628;0.0000;0.0000;4.2514;8.5028;15.9428;1.0628;1.0628;0.0000;26.5714;0.0000;0.0000;0.0000;0.0000;24.4457;11.6914;8.5028;25.5085;0.0000;6.3771;10.6285;0.0000;0.0000;0.0000;0.0000;0.0000;0.0000;4.2514;4.2514;0.0000;17.0057;0.0000;4.2514;9.5657;6.3771;37.2000;23.3828;2.1257;29.7600;6.3771;0.0000;0.0000;4.2514;22.3200;2.1257;0.0000;10.6285;0.0000;0.0000;19.1314;0.0000;32.9485;0.0000;0.0000;15.9428;4.2514;0.0000;7.4400;5.3142;14.8800;0.0000;0.0000;0.0000;12.7542;5.3142;8.5028;0.0000;11.6914;5.3142;0.0000;0.0000;22.3200;0.0000;60.5828;0.0000;0.0000;23.3828;0.0000;21.2571;10.6285;0.0000;51.0171;0.0000;48.8914;14.8800;46.7657;79.7142;11.6914;0.0000;37.2000;0.0000;8.5028;38.2628;43.5771;44.6400;27.6342;0.0000;88.2171;38.2628;48.8914;70.1485;0.0000;82.9028;46.7657;10.6285;60.5828;0.0000;28.6971;114.7885;0.0000;47.8285;42.5142;44.6400;75.4628;0.0000;26.5714;27.6342;0.0000;142.4228
2024-01-28 09:52:42;"PAR: 120; Depth: - 336.0";9.6000;27.6000;19.2000;0.0000;40.8000;10.8000;0.0000;48.0000;42.0000;56.4000;92.4000;57.6000;75.6000;164.4000;207.6000;246.0000;288.0000;364.8000;465.6000;531.6000;574.8000;620.4000;644.4000;662.4000;698.4000;717.6000;722.4000;732.0000;735.6000;722.4000;729.6000;734.4000;777.6000;829.2000;862.8000;903.6000;919.2000;944.4000;969.6000;979.2000;997.2000;1003.2000;1028.4000;1059.6000;1063.2000;1082.4000;1100.4000;1112.4000;1129.2000;1137.6000;1126.8000;1120.8000;1111.2000;1098.0000;1071.6000;1040.4000;1024.8000;986.4000;939.6000;883.2000;816.0000;742.8000;674.4000;609.6000;532.8000;481.2000;456.0000;444.0000;450.0000;444.0000;442.8000;442.8000;418.8000;406.8000;388.8000;363.6000;351.6000;328.8000;296.4000;290.4000;273.6000;252.0000;225.6000;228.0000;219.6000;208.8000;196.8000;186.0000;157.2000;141.6000;135.6000;94.8000;94.8000;81.6000;46.8000;34.8000;19.2000;25.2000;12.0000;7.2000;1.2000;0.0000;6.0000;18.0000;2.4000;0.0000;2.4000;0.0000;0.0000;0.0000;0.0000;1.2000;7.2000;0.0000;9.6000;8.4000;4.8000;0.0000;0.0000;10.8000;0.0000;0.0000;0.0000;7.2000;14.4000;3.6000;0.0000;14.4000;0.0000;0.0000;14.4000;3.6000;21.6000;7.2000;0.0000;2.4000;0.0000;0.0000;0.0000;0.0000;6.0000;3.6000;0.0000;0.0000;1.2000;3.6000;22.8000;0.0000;0.0000;0.0000;3.6000;42.0000;13.2000;6.0000;6.0000;0.0000;7.2000;0.0000;0.0000;9.6000;2.4000;0.0000;8.4000;19.2000;16.8000;0.0000;2.4000;42.0000;7.2000;0.0000;30.0000;39.6000;13.2000;7.2000;12.0000;9.6000;0.0000;0.0000;24.0000;16.8000;36.0000;4.8000;0.0000;25.2000;0.0000;0.0000;40.8000;0.0000;51.6000;26.4000;2.4000;32.4000;0.0000;0.0000;10.8000;6.0000;0.0000;0.0000;0.0000;0.0000;21.6000;28.8000;28.8000;22.8000;26.4000;24.0000;0.0000;0.0000;28.8000;0.0000;36.0000;0.0000;7.2000;3.6000;0.0000;81.6000;43.2000;0.0000;12.0000;33.6000;68.4000;39.6000;44.4000;90.0000;18.0000;0.0000;32.4000;0.0000;14.4000;30.0000;0.0000;70.8000;31.2000;0.0000;37.2000;81.6000;60.0000;28.8000;0.0000;87.6000;36.0000;73.2000;68.4000;75.6000;94.8000;78.0000;0.0000;127.2000;27.6000;7.2000;108.0000;0.0000;37.2000;38.4000;0.0000;128.4000
2024-01-28 09:52:44;"PAR: 101; Depth: - 336.0";15.4196;27.9481;38.5492;21.2020;32.7668;37.5854;42.4041;73.2435;53.9689;66.4974;92.5181;103.1191;94.4455;162.8704;183.1088;227.4404;249.6062;316.1036;407.6580;473.1917;499.2124;534.8704;555.1088;563.7823;599.4404;617.7512;620.6424;624.4974;615.8238;613.8963;614.8601;622.5699;659.1917;692.9222;722.7979;760.3834;765.2020;773.8756;797.9689;803.7512;823.9896;836.5181;857.7202;890.4870;896.2694;903.9792;907.8341;918.4352;913.6165;930.0000;932.8911;915.5440;897.2331;882.7772;865.4300;840.3730;837.4818;814.3523;767.1295;715.0880;671.7202;614.8601;549.3264;489.5751;419.2227;388.3834;371.0362;361.3989;364.2901;364.2901;364.2901;353.6891;354.6528;333.4507;322.8497;302.6113;301.6476;271.7720;257.3160;236.1139;226.4766;211.0569;196.6010;180.2176;183.1088;167.6891;156.1243;155.1606;134.9222;121.4300;106.0103;81.9170;79.9896;71.3160;46.2590;40.4766;36.6217;22.1658;20.2383;9.6373;13.4922;5.7823;11.5647;24.0932;1.9274;3.8549;11.5647;14.4559;14.4559;0.9637;1.9274;19.2746;15.4196;1.9274;17.3471;18.3108;13.4922;8.6735;2.8911;20.2383;7.7098;9.6373;11.5647;10.6010;17.3471;15.4196;8.6735;30.8393;8.6735;0.9637;21.2020;17.3471;26.9844;19.2746;10.6010;18.3108;10.6010;17.3471;2.8911;17.3471;26.0207;25.0569;6.7461;8.6735;2.8911;7.7098;26.9844;11.5647;8.6735;9.6373;5.7823;42.4041;28.9119;11.5647;22.1658;1.9274;13.4922;18.3108;14.4559;22.1658;6.7461;21.2020;13.4922;23.1295;29.8756;4.8186;3.8549;26.9844;8.6735;3.8549;22.1658;33.7305;35.6580;17.3471;29.8756;30.8393;0.0000;25.0569;17.3471;23.1295;30.8393;9.6373;7.7098;35.6580;11.5647;13.4922;34.6943;23.1295;43.3678;31.8031;27.9481;26.0207;3.8549;0.0000;23.1295;47.2227;31.8031;0.0000;6.7461;28.9119;61.6787;14.4559;30.8393;28.9119;26.0207;21.2020;0.0000;50.1139;47.2227;0.0000;34.6943;5.7823;8.6735;14.4559;34.6943;90.5906;15.4196;0.0000;79.0259;43.3678;80.9533;13.4922;53.9689;79.0259;54.9326;29.8756;14.4559;0.0000;54.9326;78.0621;39.5129;56.8601;41.4404;3.8549;102.1554;83.8445;84.8082;95.4093;27.9481;75.1709;53.0051;34.6943;39.5129;86.7357;118.5388;151.3056;26.9844;97.3367;123.3575;17.3471;149.3782;66.4974;114.6839;105.0466;89.6269;161.9067
2024-01-28 09:52:47;"PAR: 108; Depth: - 336.0";0.0000;18.6000;16.5333;11.3666;44.4333;45.4666;21.7000;65.1000;64.0666;69.2333;75.4333;103.3333;112.6333;143.6333;187.0333;239.7333;258.3333;329.6333;425.7333;487.7333;530.1000;563.1666;574.5333;595.2000;633.4333;643.7666;657.2000;660.3000;661.3333;645.8333;654.1000;658.2333;697.5000;737.8000;758.4666;796.7000;821.5000;839.0666;855.6000;863.8666;895.9000;909.3333;924.8333;948.6000;952.7333;967.2000;983.7333;999.2333;1006.4666;1019.9000;1019.9000;996.1333;979.6000;954.8000;958.9333;919.6666;896.9333;860.7666;810.1333;769.8333;719.2000;657.2000;606.5666;532.1666;461.9000;423.6666;403.0000;389.5666;396.8000;397.8333;389.5666;390.6000;375.1000;355.4666;350.3000;332.7333;316.2000;290.3666;272.8000;252.1333;227.3333;225.2666;206.6666;194.2666;202.5333;183.9333;164.3000;162.2333;141.5666;116.7666;114.7000;93.0000;87.8333;71.3000;51.6666;36.1666;27.9000;16.5333;18.6000;12.4000;7.2333;0.0000;11.3666;18.6000;11.3666;5.1666;20.6666;8.2666;8.2666;7.2333;5.1666;18.6000;10.3333;9.3000;21.7000;3.1000;15.5000;5.1666;6.2000;12.4000;0.0000;9.3000;9.3000;5.1666;16.5333;2.0666;5.1666;19.6333;2.0666;3.1000;8.2666;1.0333;11.3666;20.6666;6.2000;11.3666;9.3000;14.4666;21.7000;0.0000;18.6000;23.7666;11.3666;15.5000;10.3333;8.2666;36.1666;10.3333;0.0000;1.0333;3.1000;35.1333;21.7000;14.4666;12.4000;0.0000;14.4666;22.7333;7.2333;5.1666;2.0666;7.2333;20.6666;12.4000;37.2000;9.3000;14.4666;33.0666;15.5000;0.0000;45.4666;18.6000;38.2333;11.3666;0.0000;38.2333;4.1333;24.8000;22.7333;10.3333;33.0666;40.3000;0.0000;50.6333;0.0000;37.2000;22.7333;6.2000;46.5000;47.5333;15.5000;48.5666;25.8333;9.3000;11.3666;9.3000;24.8000;0.0000;0.0000;15.5000;32.0333;35.1333;33.0666;27.9000;39.2666;45.4666;0.0000;11.3666;47.5333;0.0000;39.2666;0.0000;9.3000;19.6333;6.2000;63.0333;13.4333;3.1000;59.9333;25.8333;76.4666;34.1000;0.0000;119.8666;43.4000;20.6666;76.4666;0.0000;54.7666;63.0333;34.1000;86.8000;53.7333;0.0000;77.5000;50.6333;9.3000;87.8333;35.1333;80.6000;31.0000;32.0333;116.7666;21.7000;66.1333;156.0333;40.3000;86.8000;113.6666;43.4000;116.7666;51.6666;142.6000;85.7666;20.6666;173.6000
2024-01-28 09:53:48;"PAR: 113; Depth: - 336.0";0.0000;0.0000;16.3157;0.0000;23.9298;0.0000;0.0000;25.0175;17.4035;35.8947;68.5263;22.8421;59.8245;133.7894;196.8771;232.7719;257.7894;338.2807;443.7894;512.3157;546.0350;597.1578;609.1228;613.4736;651.5438;674.3859;683.0877;695.0526;675.4736;678.7368;680.9122;692.8771;732.0350;758.1403;784.2456;814.7017;844.0701;860.3859;901.7192;890.8421;916.9473;931.0877;952.8421;982.2105;980.0350;992.0000;1006.1403;1020.2807;1031.1578;1034.4210;1040.9473;1030.0701;1001.7894;987.6491;980.0350;962.6315;940.8771;906.0701;859.2982;806.0000;766.8421;708.1052;638.4912;577.5789;518.8421;467.7192;460.1052;437.2631;440.5263;453.5789;450.3157;440.5263;428.5614;413.3333;402.4561;383.9649;366.5614;346.9824;318.7017;299.1228;275.1929;268.6666;243.6491;217.5438;220.8070;222.9824;214.2807;197.9649;164.2456;162.0701;150.1052;110.9473;115.2982;85.9298;62.0000;32.6315;25.0175;25.0175;25.0175;2.1754;4.3508;0.0000;0.0000;4.3508;0.0000;0.0000;0.0000;0.0000;0.0000;0.0000;0.0000;6.5263;0.0000;7.6140;14.1403;0.0000;0.0000;0.0000;0.0000;4.3508;0.0000;0.0000;2.1754;0.0000;0.0000;0.0000;0.0000;14.1403;0.0000;0.0000;0.0000;0.0000;0.0000;0.0000;1.0877;0.0000;0.0000;0.0000;1.0877;0.0000;0.0000;0.0000;0.0000;0.0000;0.0000;0.0000;7.6140;0.0000;0.0000;0.0000;0.0000;14.1403;0.0000;0.0000;0.0000;0.0000;0.0000;0.0000;0.0000;0.0000;0.0000;0.0000;0.0000;0.0000;7.6140;0.0000;0.0000;2.1754;0.0000;0.0000;0.0000;0.0000;0.0000;0.0000;0.0000;0.0000;0.0000;6.5263;0.0000;0.0000;0.0000;0.0000;0.0000;0.0000;0.0000;6.5263;0.0000;0.0000;0.0000;21.7543;0.0000;0.0000;0.0000;0.0000;0.0000;0.0000;0.0000;0.0000;0.0000;0.0000;0.0000;3.2631;5.4385;0.0000;0.0000;3.2631;0.0000;0.0000;0.0000;0.0000;39.1578;0.0000;0.0000;0.0000;0.0000;25.0175;0.0000;0.0000;22.8421;0.0000;0.0000;0.0000;0.0000;0.0000;0.0000;0.0000;33.7192;0.0000;0.0000;0.0000;0.0000;0.0000;0.0000;0.0000;29.3684;0.0000;0.0000;15.2280;0.0000;0.0000;0.0000;5.4385;10.8771;0.0000;5.4385;105.5087;0.0000;30.4561;31.5438;0.0000;116.3859;0.0000;0.0000;21.7543;0.0000;0.0000
2024-01-28 09:53:51;"PAR: 121; Depth: - 336.0";9.0181;18.0363;24.8000;12.4000;73.2727;29.3090;20.2909;40.5818;41.7090;37.2000;75.5272;74.4000;117.2363;197.2727;217.5636;255.8909;282.9454;360.7272;463.3090;532.0727;572.6545;621.1272;634.6545;645.9272;684.2545;700.0363;706.8000;724.8363;721.4545;713.5636;722.5818;722.5818;764.2909;809.3818;838.6909;869.1272;892.8000;914.2181;933.3818;939.0181;961.5636;981.8545;998.7636;1026.9454;1035.9636;1046.1090;1061.8909;1055.1272;1077.6727;1092.3272;1094.5818;1082.1818;1055.1272;1042.7272;1030.3272;1006.6545;993.1272;969.4545;918.7272;871.3818;815.0181;756.4000;688.7636;620.0000;550.1090;503.8909;490.3636;477.9636;481.3454;481.3454;476.8363;475.7090;457.6727;440.7636;450.9090;422.7272;401.3090;385.5272;343.8181;337.0545;310.0000;286.3272;280.6909;243.4909;255.8909;233.3454;222.0727;214.1818;188.2545;179.2363;161.2000;127.3818;126.2545;102.5818;87.9272;49.6000;34.9454;25.9272;29.3090;5.6363;24.8000;7.8909;11.2727;22.5454;9.0181;2.2545;11.2727;7.8909;3.3818;0.0000;0.0000;10.1454;1.1272;7.8909;25.9272;0.0000;12.4000;15.7818;6.7636;16.9090;3.3818;6.7636;6.7636;7.8909;16.9090;15.7818;0.0000;12.4000;4.5090;0.0000;15.7818;6.7636;20.2909;25.9272;2.2545;1.1272;0.0000;7.8909;14.6545;1.1272;1.1272;23.6727;1.1272;30.4363;13.5272;0.0000;32.6909;22.5454;0.0000;3.3818;3.3818;29.3090;6.7636;3.3818;45.0909;0.0000;15.7818;7.8909;0.0000;5.6363;2.2545;2.2545;15.7818;13.5272;13.5272;2.2545;5.6363;4.5090;4.5090;0.0000;30.4363;9.0181;4.5090;22.5454;31.5636;37.2000;0.0000;13.5272;16.9090;0.0000;9.0181;25.9272;4.5090;0.0000;0.0000;0.0000;40.5818;0.0000;34.9454;32.6909;30.4363;36.0727;0.0000;0.0000;21.4181;27.0545;5.6363;0.0000;0.0000;0.0000;48.4727;23.6727;41.7090;21.4181;9.0181;43.9636;3.3818;12.4000;39.4545;0.0000;76.6545;0.0000;0.0000;16.9090;6.7636;50.7272;0.0000;14.6545;73.2727;36.0727;87.9272;0.0000;0.0000;46.2181;25.9272;12.4000;95.8181;0.0000;32.6909;59.7454;32.6909;104.8363;14.6545;0.0000;93.5636;55.2363;25.9272;69.8909;0.0000;116.1090;49.6000;23.6727;86.8000;11.2727;102.5818;98.0727;114.9818;126.2545;12.4000;52.9818;147.6727;0.0000;49.6000;58.6181;74.4000;113.8545
2024-01-28 09:54:01;"PAR: 131; Depth: - 336.0";17.0196;43.7647;29.1764;26.7450;52.2745;79.0196;7.2941;76.5882;58.3529;54.7058;74.1568;25.5294;144.6666;179.9215;237.0588;266.2352;303.9215;393.8823;493.5686;577.4509;616.3529;666.1960;679.5686;695.3725;733.0588;750.0784;769.5294;787.7647;767.0980;763.4509;762.2352;773.1764;816.9411;861.9215;891.0980;930.0000;962.8235;979.8431;996.8627;1012.6666;1034.5490;1054.0000;1088.0392;1102.6274;1111.1372;1113.5686;1128.1568;1142.7450;1167.0588;1170.7058;1163.4117;1165.8431;1140.3137;1122.0784;1118.4313;1094.1176;1083.1764;1035.7647;990.7843;927.5686;875.2941;827.8823;742.7843;666.1960;596.9019;561.6470;532.4705;522.7450;519.0980;517.8823;515.4509;516.6666;511.8039;502.0784;477.7647;455.8823;432.7843;415.7647;382.9411;353.7647;335.5294;302.7058;311.2156;286.9019;290.5490;262.5882;239.4901;241.9215;216.3921;198.1568;184.7843;166.5490;141.0196;122.7843;82.6666;69.2941;49.8431;35.2549;34.0392;17.0196;27.9607;24.3137;10.9411;17.0196;2.4313;14.5882;14.5882;2.4313;8.5098;0.0000;0.0000;27.9607;17.0196;15.8039;27.9607;12.1568;7.2941;12.1568;0.0000;21.8823;4.8627;13.3725;13.3725;3.6470;17.0196;13.3725;3.6470;21.8823;14.5882;14.5882;25.5294;12.1568;29.1764;21.8823;6.0784;13.3725;8.5098;13.3725;10.9411;3.6470;38.9019;25.5294;6.0784;18.2352;27.9607;7.2941;40.1176;17.0196;14.5882;18.2352;10.9411;59.5686;29.1764;27.9607;31.6078;0.0000;24.3137;26.7450;12.1568;31.6078;2.4313;18.2352;38.9019;12.1568;32.8235;0.0000;13.3725;44.9803;13.3725;2.4313;37.6862;37.6862;26.7450;37.6862;26.7450;54.7058;29.1764;31.6078;26.7450;4.8627;46.1960;17.0196;30.3921;57.1372;9.7254;9.7254;38.9019;24.3137;58.3529;53.4901;37.6862;38.9019;19.4509;19.4509;36.4705;35.2549;32.8235;0.0000;0.0000;60.7843;52.2745;18.2352;89.9607;44.9803;52.2745;43.7647;9.7254;27.9607;55.9215;0.0000;108.1960;3.6470;41.3333;72.9411;31.6078;86.3137;40.1176;0.0000;108.1960;46.1960;89.9607;40.1176;89.9607;94.8235;69.2941;9.7254;117.9215;0.0000;58.3529;83.8823;40.1176;87.5294;26.7450;0.0000;138.5882;77.8039;38.9019;57.1372;0.0000;119.1372;36.4705;12.1568;125.2156;102.1176;110.6274;170.1960;96.0392;109.4117;133.7254;65.6470;210.3137;0.0000;83.8823;124.0000;168.9803;106.9803
2024-01-28 09:54:04;"PAR: 135; Depth: - 336.0";28.3311;48.0397;41.8807;33.2582;80.0662;54.1986;70.2119;93.6158;92.3841;129.3377;137.9602;213.0993;183.5364;200.7814;241.4304;289.4701;328.8874;397.8675;511.1920;576.4768;625.7483;679.9470;692.2649;709.5099;748.9271;772.3311;769.8675;789.5761;779.7218;778.4900;768.6357;777.2582;828.9933;880.7284;900.4370;933.6953;966.9536;996.5165;1023.6158;1029.7748;1055.6423;1066.7284;1090.1324;1114.7682;1139.4039;1149.2582;1146.7947;1157.8807;1186.2119;1196.0662;1194.8344;1176.3576;1164.0397;1145.5629;1125.8543;1093.8278;1081.5099;1055.6423;1010.0662;955.8675;896.7417;837.6158;761.2450;698.4238;610.9668;567.8543;551.8410;530.9006;544.4503;534.5960;543.2185;538.2913;525.9735;507.4966;492.7152;464.3841;459.4569;432.3576;407.7218;388.0132;362.1456;342.4370;331.3509;305.4834;301.7880;282.0794;259.9072;238.9668;241.4304;219.2582;197.0860;169.9867;150.2781;124.4105;96.0794;88.6887;61.5894;41.8807;40.6490;17.2450;32.0264;24.6357;29.5629;30.7947;13.5496;25.8675;22.1721;11.0860;16.0132;3.6953;6.1589;24.6357;17.2450;25.8675;33.2582;17.2450;24.6357;28.3311;23.4039;33.2582;23.4039;22.1721;14.7814;22.1721;24.6357;30.7947;17.2450;39.4172;22.1721;11.0860;44.3443;27.0993;38.1854;38.1854;16.0132;24.6357;22.1721;30.7947;29.5629;28.3311;27.0993;41.8807;27.0993;49.2715;35.7218;27.0993;43.1125;7.3907;4.9271;28.3311;18.4768;72.6754;41.8807;36.9536;71.4437;16.0132;40.6490;51.7350;6.1589;44.3443;30.7947;39.4172;33.2582;22.1721;49.2715;28.3311;13.5496;50.5033;18.4768;38.1854;43.1125;33.2582;48.0397;57.8940;43.1125;55.4304;29.5629;64.0529;49.2715;28.3311;65.2847;48.0397;45.5761;64.0529;49.2715;44.3443;66.5165;4.9271;52.9668;65.2847;55.4304;33.2582;59.1258;48.0397;40.6490;35.7218;99.7748;22.1721;51.7350;61.5894;55.4304;48.0397;55.4304;76.3708;76.3708;71.4437;41.8807;67.7483;107.1655;40.6490;124.4105;23.4039;80.0662;70.2119;39.4172;98.5430;81.2980;88.6887;96.0794;55.4304;56.6622;130.5695;94.8476;183.5364;80.0662;91.1523;157.6688;14.7814;89.9205;119.4834;72.6754;145.3509;112.0927;55.4304;124.4105;128.1059;114.5562;145.3509;59.1258;174.9139;123.1788;119.4834;214.3311;156.4370;209.4039;225.4172;137.9602;152.7417;71.4437;125.6423;248.8211;39.4172;169.9867;204.4768;137.9602;173.6821
2024-01-28 09:54:09;"PAR: 121; Depth: - 336.0";25.6167;22.2754;28.9580;38.9820;57.9161;43.4371;30.0718;77.9640;83.5329;80.1916;106.9221;92.4431;140.3353;167.0658;240.5748;267.3053;295.1497;369.7724;473.3532;559.1137;582.5029;623.7125;643.7604;664.9221;694.9940;717.2694;718.3832;728.4071;725.0658;722.8383;730.6347;721.7245;766.2754;800.8023;840.8982;878.7664;899.9281;914.4071;934.4550;938.9101;964.5269;980.1197;1004.6227;1035.8083;1022.4431;1030.2395;1045.8323;1049.1736;1074.7904;1078.1317;1072.5628;1063.6526;1044.7185;1025.7844;1012.4191;990.1437;977.8922;954.5029;893.2455;857.6047;798.5748;741.7724;671.6047;605.8922;544.6347;497.8562;467.7844;463.3293;466.6706;467.7844;471.1257;463.3293;447.7365;438.8263;435.4850;396.5029;387.5928;367.5449;336.3592;318.5389;296.2634;295.1497;278.4431;239.4610;250.5988;240.5748;214.9580;211.6167;193.7964;172.6347;160.3832;130.3113;128.0838;108.0359;82.4191;63.4850;47.8922;35.6407;34.5269;13.3652;22.2754;16.7065;15.5928;25.6167;10.0239;11.1377;22.2754;10.0239;11.1377;6.6826;0.0000;28.9580;13.3652;14.4790;28.9580;8.9101;16.7065;11.1377;17.8203;23.3892;10.0239;14.4790;26.7305;6.6826;24.5029;8.9101;4.4550;40.0958;6.6826;12.2514;10.0239;7.7964;25.6167;30.0718;4.4550;14.4790;7.7964;31.1856;21.1616;3.3413;24.5029;23.3892;17.8203;22.2754;6.6826;8.9101;38.9820;10.0239;0.0000;16.7065;3.3413;47.8922;36.7544;28.9580;42.3233;2.2275;36.7544;33.4131;25.6167;32.2994;20.0479;16.7065;33.4131;27.8443;36.7544;15.5928;7.7964;25.6167;2.2275;12.2514;66.8263;30.0718;22.2754;33.4131;43.4371;41.2095;2.2275;15.5928;62.3712;6.6826;35.6407;17.8203;30.0718;27.8443;25.6167;4.4550;57.9161;16.7065;45.6646;55.6886;30.0718;63.4850;35.6407;0.0000;60.1437;10.0239;30.0718;5.5688;16.7065;23.3892;53.4610;8.9101;73.5089;17.8203;66.8263;52.3473;25.6167;34.5269;47.8922;3.3413;128.0838;6.6826;44.5508;32.2994;22.2754;79.0778;30.0718;45.6646;94.6706;35.6407;102.4670;32.2994;41.2095;100.2395;54.5748;55.6886;112.4910;0.0000;53.4610;112.4910;92.4431;80.1916;67.9401;0.0000;157.0419;71.2814;92.4431;105.8083;71.2814;103.5808;38.9820;84.6467;193.7964;87.9880;118.0598;139.2215;31.1856;106.9221;71.2814;66.8263;231.6646;42.3233;153.7005;163.7245;131.4251;163.7245
2024-01-28 09:56:10;"PAR: 143; Depth: - 336.0";15.3931;38.4827;19.2413;25.6551;59.0068;26.9379;0.0000;37.2000;12.8275;70.5517;61.5724;61.5724;133.4068;209.0896;264.2482;297.6000;346.3448;427.1586;537.4758;623.4206;669.6000;727.3241;735.0206;760.6758;800.4413;819.6827;823.5310;841.4896;832.5103;808.1379;829.9448;831.2275;865.8620;917.1724;953.0896;991.5724;1009.5310;1048.0137;1076.2344;1080.0827;1107.0206;1126.2620;1137.8068;1145.5034;1172.4413;1186.5517;1198.0965;1195.5310;1222.4689;1244.2758;1223.7517;1213.4896;1185.2689;1181.4206;1169.8758;1149.3517;1140.3724;1107.0206;1056.9931;1000.5517;951.8068;891.5172;841.4896;754.2620;699.1034;651.6413;622.1379;610.5931;618.2896;611.8758;623.4206;623.4206;599.0482;582.3724;569.5448;551.5862;542.6068;509.2551;481.0344;456.6620;437.4206;415.6137;401.5034;368.1517;366.8689;356.6068;325.8206;300.1655;282.2068;265.5310;243.7241;207.8068;187.2827;156.4965;128.2758;89.7931;73.1172;52.5931;46.1793;17.9586;17.9586;14.1103;6.4137;19.2413;2.5655;0.0000;17.9586;12.8275;14.1103;5.1310;0.0000;11.5448;0.0000;8.9793;23.0896;0.0000;12.8275;5.1310;2.5655;19.2413;5.1310;0.0000;12.8275;15.3931;12.8275;6.4137;0.0000;8.9793;16.6758;0.0000;2.5655;0.0000;11.5448;11.5448;0.0000;7.6965;0.0000;11.5448;16.6758;0.0000;0.0000;12.8275;5.1310;15.3931;3.8482;0.0000;23.0896;0.0000;0.0000;0.0000;15.3931;47.4620;26.9379;0.0000;26.9379;0.0000;14.1103;3.8482;0.0000;24.3724;6.4137;0.0000;0.0000;0.0000;28.2206;0.0000;16.6758;16.6758;0.0000;0.0000;37.2000;11.5448;19.2413;5.1310;16.6758;30.7862;0.0000;2.5655;28.2206;0.0000;26.9379;17.9586;10.2620;7.6965;0.0000;7.6965;12.8275;19.2413;37.2000;34.6344;0.0000;11.5448;0.0000;0.0000;14.1103;17.9586;25.6551;0.0000;0.0000;32.0689;26.9379;3.8482;60.2896;0.0000;0.0000;20.5241;0.0000;0.0000;3.8482;0.0000;64.1379;0.0000;3.8482;19.2413;29.5034;44.8965;29.5034;0.0000;74.4000;17.9586;100.0551;0.0000;0.0000;67.9862;29.5034;25.6551;84.6620;0.0000;5.1310;56.4413;0.0000;75.6827;44.8965;0.0000;135.9724;41.0482;24.3724;30.7862;0.0000;93.6413;17.9586;26.9379;66.7034;74.4000;75.6827;96.2068;87.2275;79.5310;67.9862;38.4827;137.2551;0.0000;152.6482;147.5172;109.0344;120.5793
2024-01-28 09:56:14;"PAR: 142; Depth: - 336.0";0.0000;41.0482;19.2413;0.0000;41.0482;30.7862;15.3931;69.2689;24.3724;51.3103;59.0068;30.7862;139.8206;192.4137;250.1379;305.2965;347.6275;431.0068;538.7586;611.8758;669.6000;718.3448;733.7379;741.4344;786.3310;819.6827;819.6827;829.9448;809.4206;805.5724;809.4206;822.2482;855.6000;917.1724;956.9379;978.7448;1023.6413;1042.8827;1064.6896;1059.5586;1092.9103;1113.4344;1139.0896;1164.7448;1163.4620;1177.5724;1192.9655;1186.5517;1221.1862;1230.1655;1230.1655;1222.4689;1196.8137;1180.1379;1172.4413;1162.1793;1124.9793;1110.8689;1069.8206;1004.4000;951.8068;891.5172;832.5103;760.6758;695.2551;652.9241;622.1379;597.7655;605.4620;614.4413;608.0275;600.3310;596.4827;574.6758;566.9793;533.6275;525.9310;496.4275;470.7724;448.9655;414.3310;402.7862;383.5448;355.3241;352.7586;333.5172;316.8413;298.8827;277.0758;246.2896;237.3103;205.2413;205.2413;161.6275;123.1448;97.4896;71.8344;51.3103;51.3103;23.0896;24.3724;15.3931;10.2620;26.9379;5.1310;5.1310;5.1310;2.5655;3.8482;0.0000;0.0000;11.5448;0.0000;0.0000;23.0896;11.5448;2.5655;8.9793;7.6965;23.0896;0.0000;0.0000;19.2413;0.0000;7.6965;10.2620;0.0000;19.2413;0.0000;0.0000;15.3931;0.0000;14.1103;10.2620;0.0000;1.2827;0.0000;0.0000;12.8275;0.0000;6.4137;10.2620;6.4137;0.0000;0.0000;0.0000;29.5034;0.0000;0.0000;0.0000;1.2827;32.0689;24.3724;20.5241;30.7862;0.0000;7.6965;16.6758;2.5655;2.5655;0.0000;15.3931;23.0896;6.4137;2.5655;2.5655;0.0000;32.0689;2.5655;0.0000;28.2206;11.5448;0.0000;0.0000;28.2206;30.7862;0.0000;0.0000;46.1793;7.6965;0.0000;29.5034;12.8275;17.9586;0.0000;0.0000;41.0482;0.0000;23.0896;19.2413;14.1103;23.0896;0.0000;0.0000;38.4827;0.0000;25.6551;0.0000;0.0000;44.8965;33.3517;6.4137;50.0275;6.4137;34.6344;0.0000;0.0000;0.0000;14.1103;0.0000;64.1379;0.0000;0.0000;37.2000;0.0000;37.2000;0.0000;0.0000;74.4000;53.8758;94.9241;0.0000;14.1103;61.5724;19.2413;0.0000;94.9241;0.0000;26.9379;61.5724;0.0000;38.4827;0.0000;0.0000;106.4689;46.1793;47.4620;24.3724;0.0000;38.4827;12.8275;46.1793;132.1241;47.4620;47.4620;124.4275;0.0000;50.0275;44.8965;15.3931;160.3448;0.0000;96.2068;139.8206;0.0000;146.2344
2024-01-28 09:56:18;"PAR: 165; Depth: - 336.0";11.8095;22.1428;35.4285;0.0000;82.6666;72.3333;39.8571;95.9523;59.0476;85.6190;98.9047;112.1904;168.2857;208.1428;292.2857;333.6190;385.2857;466.4761;593.4285;679.0476;727.7619;779.4285;811.9047;826.6666;870.9523;901.9523;907.8571;924.0952;913.7619;906.3809;921.1428;924.0952;963.9523;1021.5238;1065.8095;1108.6190;1155.8571;1178.0000;1216.3809;1223.7619;1266.5714;1266.5714;1290.1904;1325.6190;1344.8095;1344.8095;1372.8571;1378.7619;1386.1428;1417.1428;1426.0000;1403.8571;1384.6666;1368.4285;1347.7619;1333.0000;1325.6190;1300.5238;1231.1428;1164.7142;1098.2857;1049.5714;972.8095;896.0476;822.2380;758.7619;745.4761;718.9047;741.0476;733.6666;727.7619;720.3809;723.3333;699.7142;695.2857;662.8095;643.6190;603.7619;560.9523;540.2857;534.3809;497.4761;488.6190;438.4285;444.3333;429.5714;404.4761;383.8095;349.8571;308.5238;299.6666;270.1428;249.4761;205.1904;165.3333;116.6190;94.4761;73.8095;69.3809;31.0000;20.6666;16.2380;23.6190;35.4285;4.4285;2.9523;32.4761;22.1428;16.2380;5.9047;1.4761;29.5238;14.7619;4.4285;39.8571;2.9523;19.1904;14.7619;16.2380;23.6190;4.4285;11.8095;32.4761;17.7142;26.5714;20.6666;4.4285;31.0000;0.0000;1.4761;28.0476;14.7619;32.4761;26.5714;17.7142;11.8095;0.0000;10.3333;32.4761;0.0000;14.7619;19.1904;38.3809;31.0000;10.3333;0.0000;56.0952;0.0000;13.2857;4.4285;10.3333;56.0952;32.4761;38.3809;54.6190;0.0000;16.2380;35.4285;10.3333;22.1428;2.9523;7.3809;57.5714;2.9523;48.7142;0.0000;28.0476;20.6666;5.9047;5.9047;51.6666;32.4761;54.6190;54.6190;41.3333;57.5714;23.6190;20.6666;59.0476;2.9523;50.1904;36.9047;14.7619;33.9523;0.0000;0.0000;63.4761;13.2857;87.0952;54.6190;53.1428;50.1904;10.3333;0.0000;87.0952;0.0000;32.4761;0.0000;0.0000;31.0000;41.3333;0.0000;101.8571;51.6666;76.7619;60.5238;0.0000;45.7619;59.0476;0.0000;109.2380;8.8571;45.7619;42.8095;29.5238;90.0476;53.1428;10.3333;121.0476;31.0000;72.3333;64.9523;93.0000;104.8095;16.2380;22.1428;113.6666;0.0000;5.9047;90.0476;116.6190;62.0000;38.3809;0.0000;202.2380;87.0952;82.6666;91.5238;79.7142;122.5238;36.9047;38.3809;183.0476;85.6190;116.6190;222.9047;84.1428;141.7142;101.8571;17.7142;307.0476;0.0000;73.8095;188.9523;29.5238;188.9523
2024-01-28 09:58:06;"PAR: 213; Depth: - 336.0";29.1764;38.2941;49.2352;9.1176;78.4117;54.7058;43.7647;107.5882;116.7058;147.7058;122.1764;87.5294;184.1764;264.4117;335.5294;415.7647;443.1176;559.8235;729.4117;840.6470;888.0588;955.5294;971.9411;993.8235;1050.3529;1097.7647;1088.6470;1119.6470;1106.8823;1075.8823;1086.8235;1114.1764;1181.6470;1236.3529;1298.3529;1356.7058;1389.5294;1436.9411;1484.3529;1484.3529;1506.2352;1531.7647;1582.8235;1608.3529;1613.8235;1633.8823;1646.6470;1650.2941;1692.2352;1723.2352;1717.7647;1708.6470;1677.6470;1670.3529;1670.3529;1653.9411;1628.4117;1579.1764;1526.2941;1477.0588;1422.3529;1367.6470;1289.2352;1188.9411;1112.3529;1055.8235;1043.0588;1012.0588;1004.7647;1024.8235;1033.9411;1046.7058;1010.2352;995.6470;999.2941;968.2941;940.9411;897.1764;862.5294;798.7058;793.2352;767.7058;744.0000;703.8823;698.4117;663.7647;638.2352;629.1176;565.2941;516.0588;497.8235;439.4705;412.1176;359.2352;306.3529;242.5294;176.8823;134.9411;124.0000;72.9411;74.7647;34.6470;38.2941;47.4117;14.5882;23.7058;40.1176;23.7058;29.1764;10.9411;0.0000;25.5294;34.6470;7.2941;58.3529;3.6470;29.1764;10.9411;0.0000;38.2941;14.5882;21.8823;29.1764;25.5294;16.4117;23.7058;0.0000;45.5882;23.7058;1.8235;34.6470;12.7647;41.9411;40.1176;3.6470;36.4705;1.8235;32.8235;7.2941;0.0000;29.1764;14.5882;20.0588;25.5294;10.9411;0.0000;60.1764;5.4705;0.0000;21.8823;0.0000;41.9411;21.8823;36.4705;38.2941;0.0000;29.1764;43.7647;32.8235;51.0588;21.8823;25.5294;12.7647;0.0000;60.1764;0.0000;0.0000;34.6470;23.7058;0.0000;45.5882;40.1176;40.1176;60.1764;23.7058;40.1176;3.6470;29.1764;14.5882;0.0000;34.6470;38.2941;41.9411;63.8235;0.0000;0.0000;40.1176;0.0000;87.5294;45.5882;3.6470;69.2941;51.0588;7.2941;34.6470;21.8823;60.1764;0.0000;0.0000;21.8823;69.2941;0.0000;58.3529;43.7647;54.7058;5.4705;36.4705;41.9411;5.4705;0.0000;124.0000;40.1176;45.5882;45.5882;41.9411;145.8823;49.2352;32.8235;69.2941;25.5294;153.1764;85.7058;122.1764;67.4705;62.0000;49.2352;184.1764;0.0000;52.8823;96.6470;67.4705;100.2941;85.7058;0.0000;87.5294;16.4117;91.1764;180.5294;9.1176;98.4705;173.2352;27.3529;140.4117;85.7058;134.9411;275.3529;103.9411;164.1176;169.5882;54.7058;282.6470;0.0000;160.4705;198.7647;155.0000;134.9411
2024-01-28 09:58:10;"PAR: 177; Depth: - 336.0";0.0000;15.2459;39.6393;0.0000;47.2622;7.6229;0.0000;60.9836;15.2459;76.2295;102.1475;42.6885;103.6721;208.8688;283.5737;341.5081;400.9672;492.4426;614.4098;721.1311;766.8688;818.7049;858.3442;867.4918;905.6065;933.0491;940.6721;958.9672;949.8196;934.5737;948.2950;958.9672;1024.5245;1079.4098;1112.9508;1161.7377;1210.5245;1247.1147;1262.3606;1262.3606;1297.4262;1318.7704;1343.1639;1388.9016;1373.6557;1376.7049;1416.3442;1420.9180;1434.6393;1455.9836;1451.4098;1437.6885;1425.4918;1417.8688;1382.8032;1373.6557;1359.9344;1332.4918;1292.8524;1244.0655;1184.6065;1122.0983;1044.3442;984.8852;919.3278;876.6393;846.1475;827.8524;818.7049;826.3278;832.4262;835.4754;826.3278;791.2622;785.1639;762.2950;747.0491;715.0327;672.3442;646.4262;631.1803;612.8852;583.9180;541.2295;527.5081;529.0327;507.6885;487.8688;440.6065;408.5901;381.1475;327.7868;311.0163;271.3770;205.8196;178.3770;135.6885;100.6229;89.9508;35.0655;54.8852;32.0163;18.2950;33.5409;0.0000;3.0491;9.1475;0.0000;13.7213;0.0000;0.0000;13.7213;18.2950;19.8196;10.6721;6.0983;9.1475;1.5245;0.0000;18.2950;6.0983;1.5245;12.1967;0.0000;4.5737;6.0983;0.0000;32.0163;1.5245;0.0000;6.0983;7.6229;42.6885;3.0491;0.0000;12.1967;3.0491;13.7213;7.6229;0.0000;0.0000;19.8196;0.0000;21.3442;0.0000;0.0000;39.6393;4.5737;0.0000;0.0000;0.0000;65.5573;21.3442;0.0000;13.7213;0.0000;4.5737;0.0000;0.0000;4.5737;0.0000;0.0000;21.3442;0.0000;18.2950;10.6721;7.6229;16.7704;0.0000;0.0000;0.0000;0.0000;6.0983;3.0491;22.8688;42.6885;0.0000;0.0000;33.5409;0.0000;35.0655;38.1147;12.1967;24.3934;0.0000;0.0000;42.6885;0.0000;47.2622;9.1475;0.0000;41.1639;0.0000;0.0000;21.3442;0.0000;24.3934;0.0000;0.0000;38.1147;15.2459;0.0000;41.1639;7.6229;24.3934;19.8196;56.4098;47.2622;16.7704;0.0000;94.5245;0.0000;13.7213;4.5737;0.0000;83.8524;0.0000;0.0000;67.0819;4.5737;38.1147;0.0000;10.6721;85.3770;22.8688;0.0000;89.9508;0.0000;0.0000;24.3934;0.0000;64.0327;12.1967;0.0000;141.7868;0.0000;13.7213;64.0327;0.0000;21.3442;21.3442;54.8852;196.6721;0.0000;82.3278;73.1803;16.7704;128.0655;16.7704;0.0000;163.1311;0.0000;0.0000;39.6393;70.1311;143.3114
2024-01-28 09:58:13;"PAR: 261; Depth: - 336.0";27.5555;45.9259;96.4444;68.8888;73.4814;64.2962;107.9259;91.8518;55.1111;149.2592;167.6296;119.4074;238.8148;349.0370;475.3333;498.2962;530.4444;677.4074;858.8148;966.7407;1044.8148;1136.6666;1175.7037;1205.5555;1246.8888;1304.2962;1315.7777;1336.4444;1329.5555;1288.2222;1327.2592;1345.6296;1435.1851;1531.6296;1598.2222;1662.5185;1676.2962;1715.3333;1775.0370;1807.1851;1862.2962;1878.3703;1919.7037;1974.8148;1981.7037;2000.0740;2018.4444;2027.6296;2078.1481;2114.8888;2112.5925;2091.9259;2046.0000;2034.5185;2059.7777;2016.1481;2000.0740;1967.9259;1905.9259;1841.6296;1747.4814;1685.4814;1572.9629;1469.6296;1368.5925;1297.4074;1274.4444;1242.2962;1281.3333;1274.4444;1269.8518;1260.6666;1258.3703;1233.1111;1214.7407;1161.9259;1155.0370;1102.2222;1054.0000;1005.7777;948.3703;925.4074;897.8518;858.8148;865.7037;833.5555;778.4444;750.8888;693.4814;633.7777;603.9259;541.9259;491.4074;445.4814;349.0370;280.1481;234.2222;176.8148;156.1481;103.3333;64.2962;45.9259;50.5185;48.2222;9.1851;29.8518;43.6296;18.3703;36.7407;18.3703;0.0000;34.4444;34.4444;29.8518;55.1111;32.1481;27.5555;9.1851;6.8888;25.2592;13.7777;2.2962;36.7407;6.8888;48.2222;34.4444;41.3333;52.8148;2.2962;6.8888;43.6296;36.7407;45.9259;55.1111;16.0740;9.1851;0.0000;0.0000;66.5925;9.1851;13.7777;36.7407;16.0740;32.1481;0.0000;25.2592;59.7037;27.5555;13.7777;22.9629;0.0000;91.8518;78.0740;45.9259;66.5925;0.0000;6.8888;18.3703;48.2222;18.3703;34.4444;32.1481;22.9629;0.0000;62.0000;20.6666;64.2962;43.6296;25.2592;34.4444;52.8148;55.1111;59.7037;22.9629;41.3333;64.2962;22.9629;36.7407;50.5185;0.0000;18.3703;57.4074;13.7777;119.4074;57.4074;18.3703;68.8888;9.1851;110.2222;84.9629;71.1851;82.6666;64.2962;43.6296;64.2962;55.1111;133.1851;32.1481;84.9629;75.7777;82.6666;55.1111;78.0740;36.7407;50.5185;50.5185;78.0740;59.7037;73.4814;0.0000;204.3703;6.8888;13.7777;57.4074;59.7037;110.2222;121.7037;0.0000;149.2592;32.1481;105.6296;43.6296;101.0370;153.8518;103.3333;0.0000;55.1111;36.7407;75.7777;149.2592;18.3703;105.6296;9.1851;73.4814;243.4074;146.9629;213.5555;163.0370;45.9259;236.5185;181.4074;114.8148;248.0000;133.1851;169.9259;420.2222;78.0740;296.2222;158.4444;124.0000;452.3703;0.0000;114.8148;206.6666;105.6296;307.7037
2024-01-28 10:00:42;"PAR: 325; Depth: - 336.0";36.1666;85.2500;82.6666;56.8333;124.0000;85.2500;186.0000;126.5833;124.0000;204.0833;209.2500;186.0000;351.3333;446.9166;503.7500;599.3333;669.0833;831.8333;1046.2500;1183.1666;1268.4166;1379.5000;1400.1666;1426.0000;1500.9166;1539.6666;1550.0000;1601.6666;1601.6666;1565.5000;1565.5000;1599.0833;1668.8333;1767.0000;1862.5833;1934.9166;2004.6666;2095.0833;2159.6666;2136.4166;2195.8333;2206.1666;2239.7500;2283.6666;2288.8333;2319.8333;2376.6666;2379.2500;2415.4166;2433.5000;2430.9166;2449.0000;2389.5833;2397.3333;2392.1666;2363.7500;2348.2500;2330.1666;2255.2500;2213.9166;2126.0833;2035.6666;1950.4166;1826.4166;1759.2500;1684.3333;1627.5000;1645.5833;1653.3333;1681.7500;1679.1666;1699.8333;1689.5000;1645.5833;1612.0000;1588.7500;1575.8333;1516.4166;1469.9166;1438.9166;1389.8333;1356.2500;1353.6666;1255.5000;1255.5000;1252.9166;1162.5000;1131.5000;1079.8333;1017.8333;953.2500;891.2500;834.4166;733.6666;625.1666;545.0833;459.8333;351.3333;304.8333;229.9166;193.7500;149.8333;90.4166;113.6666;72.3333;72.3333;72.3333;69.7500;80.0833;41.3333;25.8333;74.9166;93.0000;54.2500;82.6666;41.3333;56.8333;54.2500;62.0000;74.9166;20.6666;20.6666;62.0000;25.8333;64.5833;85.2500;36.1666;74.9166;49.0833;23.2500;67.1666;51.6666;87.8333;56.8333;38.7500;72.3333;2.5833;41.3333;25.8333;15.5000;59.4166;69.7500;31.0000;62.0000;28.4166;20.6666;90.4166;18.0833;23.2500;49.0833;51.6666;121.4166;72.3333;77.5000;98.1666;0.0000;69.7500;77.5000;49.0833;67.1666;0.0000;46.5000;46.5000;46.5000;103.3333;10.3333;54.2500;136.9166;5.1666;38.7500;93.0000;64.5833;72.3333;90.4166;77.5000;121.4166;62.0000;72.3333;72.3333;31.0000;98.1666;85.2500;49.0833;90.4166;0.0000;46.5000;105.9166;38.7500;157.5833;85.2500;103.3333;82.6666;111.0833;59.4166;77.5000;41.3333;103.3333;0.0000;103.3333;124.0000;93.0000;105.9166;149.8333;82.6666;90.4166;28.4166;51.6666;67.1666;157.5833;0.0000;175.6666;0.0000;80.0833;31.0000;33.5833;191.1666;118.8333;62.0000;193.7500;82.6666;118.8333;103.3333;229.9166;250.5833;98.1666;69.7500;209.2500;0.0000;167.9166;93.0000;173.0833;240.2500;211.8333;103.3333;250.5833;224.7500;178.2500;219.5833;113.6666;188.5833;180.8333;237.6666;346.1666;191.1666;286.7500;405.5833;129.1666;173.0833;224.7500;307.4166;400.4166;0.0000;260.9166;446.9166;289.3333;379.7500
2024-01-28 10:00:45;"PAR: 287; Depth: - 336.0";0.0000;35.3164;68.2784;0.0000;80.0506;49.4430;0.0000;131.8481;94.1772;129.4936;103.5949;195.4177;186.0000;364.9367;480.3037;522.6835;598.0253;762.8354;977.0886;1127.7721;1181.9240;1278.4556;1306.7088;1318.4810;1400.8860;1436.2025;1450.3291;1452.6835;1445.6202;1443.2658;1417.3670;1422.0759;1525.6708;1629.2658;1688.1265;1761.1139;1791.7215;1869.4177;1921.2151;1902.3797;1956.5316;1961.2405;2001.2658;2043.6455;2050.7088;2078.9620;2102.5063;2121.3417;2156.6582;2180.2025;2182.5569;2180.2025;2114.2784;2104.8607;2107.2151;2102.5063;2074.2531;2053.0632;2005.9746;1909.4430;1874.1265;1782.3037;1749.3417;1641.0379;1537.4430;1476.2278;1440.9113;1422.0759;1450.3291;1478.5822;1455.0379;1464.4556;1443.2658;1443.2658;1429.1392;1400.8860;1356.1518;1299.6455;1278.4556;1261.9746;1179.5696;1158.3797;1146.6075;1106.5822;1083.0379;1059.4936;1002.9873;965.3164;941.7721;901.7468;828.7594;741.6455;718.1012;607.4430;496.7848;470.8860;372.0000;310.7848;270.7594;157.7468;153.0379;127.1392;75.3417;91.8227;51.7974;65.9240;51.7974;30.6075;58.8607;35.3164;2.3544;65.9240;54.1518;51.7974;44.7341;14.1265;49.4430;68.2784;16.4810;25.8987;16.4810;44.7341;25.8987;18.8354;23.5443;30.6075;0.0000;37.6708;4.7088;0.0000;18.8354;7.0632;65.9240;28.2531;0.0000;0.0000;0.0000;37.6708;23.5443;0.0000;0.0000;11.7721;0.0000;0.0000;2.3544;0.0000;72.9873;0.0000;0.0000;0.0000;0.0000;16.4810;14.1265;32.9620;42.3797;0.0000;0.0000;25.8987;18.8354;16.4810;0.0000;16.4810;28.2531;0.0000;21.1898;0.0000;11.7721;25.8987;0.0000;0.0000;0.0000;0.0000;21.1898;42.3797;25.8987;75.3417;0.0000;42.3797;47.0886;0.0000;37.6708;4.7088;14.1265;49.4430;0.0000;9.4177;30.6075;0.0000;96.5316;25.8987;0.0000;9.4177;4.7088;0.0000;4.7088;21.1898;68.2784;0.0000;0.0000;4.7088;0.0000;35.3164;44.7341;23.5443;44.7341;18.8354;0.0000;0.0000;0.0000;0.0000;141.2658;0.0000;28.2531;89.4683;21.1898;113.0126;47.0886;42.3797;80.0506;0.0000;65.9240;32.9620;122.4303;157.7468;25.8987;129.4936;138.9113;0.0000;0.0000;153.0379;49.4430;37.6708;0.0000;0.0000;228.3797;44.7341;75.3417;167.1645;0.0000;11.7721;47.0886;84.7594;157.7468;148.3291;138.9113;254.2784;54.1518;80.0506;54.1518;127.1392;195.4177;0.0000;117.7215;256.6329;141.2658;188.3544
2024-01-28 10:00:49;"PAR: 396; Depth: - 336.0";44.8965;83.3793;51.3103;86.5862;195.6206;134.6896;141.1034;189.2068;173.1724;137.8965;259.7586;211.6551;349.5517;481.0344;586.8620;695.8965;776.0689;946.0344;1202.5862;1359.7241;1455.9310;1564.9655;1603.4482;1686.8275;1767.0000;1802.2758;1818.3103;1853.5862;1847.1724;1805.4827;1805.4827;1856.7931;1965.8275;2052.4137;2203.1379;2264.0689;2308.9655;2405.1724;2456.4827;2517.4137;2584.7586;2610.4137;2636.0689;2719.4482;2716.2413;2751.5172;2790.0000;2802.8275;2879.7931;2895.8275;2911.8620;2879.7931;2870.1724;2831.6896;2834.8965;2802.8275;2818.8620;2793.2068;2693.7931;2604.0000;2559.1034;2450.0689;2398.7586;2276.8965;2135.7931;2074.8620;2026.7586;1981.8620;2046.0000;2033.1724;2046.0000;2068.4482;2074.8620;2039.5862;1994.6896;1930.5517;1930.5517;1895.2758;1821.5172;1799.0689;1728.5172;1722.1034;1638.7241;1603.4482;1577.7931;1571.3793;1507.2413;1465.5517;1372.5517;1308.4137;1241.0689;1148.0689;1064.6896;913.9655;811.3448;699.1034;612.5172;503.4827;397.6551;295.0344;262.9655;211.6551;150.7241;173.1724;93.0000;96.2068;150.7241;80.1724;96.2068;60.9310;35.2758;99.4137;102.6206;70.5517;131.4827;70.5517;76.9655;51.3103;41.6896;96.2068;70.5517;44.8965;76.9655;73.7586;83.3793;73.7586;44.8965;80.1724;44.8965;16.0344;80.1724;16.0344;86.5862;70.5517;41.6896;73.7586;38.4827;57.7241;70.5517;0.0000;51.3103;89.7931;51.3103;51.3103;73.7586;80.1724;128.2758;38.4827;0.0000;9.6206;28.8620;99.4137;125.0689;93.0000;166.7586;19.2413;102.6206;86.5862;76.9655;73.7586;96.2068;57.7241;86.5862;16.0344;137.8965;41.6896;60.9310;118.6551;102.6206;6.4137;99.4137;57.7241;70.5517;99.4137;118.6551;118.6551;51.3103;83.3793;96.2068;12.8275;60.9310;105.8275;44.8965;131.4827;128.2758;70.5517;109.0344;70.5517;160.3448;125.0689;109.0344;73.7586;96.2068;0.0000;125.0689;93.0000;144.3103;32.0689;16.0344;137.8965;227.6896;93.0000;144.3103;128.2758;166.7586;141.1034;83.3793;0.0000;102.6206;19.2413;198.8275;89.7931;128.2758;150.7241;9.6206;218.0689;73.7586;41.6896;176.3793;202.0344;237.3103;105.8275;105.8275;311.0689;144.3103;25.6551;198.8275;80.1724;221.2758;323.8965;176.3793;285.4137;221.2758;12.8275;397.6551;320.6896;179.5862;240.5172;64.1379;359.1724;176.3793;327.1034;298.2413;218.0689;355.9655;295.0344;125.0689;647.7931;279.0000;150.7241;439.3448;0.0000;423.3103;224.4827;253.3448;708.7241
2024-01-28 10:11:29;"PAR: 297; Depth: - 336.0";8.9638;53.7831;89.6385;35.8554;121.0120;78.4337;112.0481;145.6626;49.3012;138.9397;141.1807;186.0000;304.7710;369.7590;450.4337;531.1084;564.7228;737.2771;916.5542;1053.2530;1113.7590;1205.6385;1239.2530;1239.2530;1308.7228;1364.7469;1384.9156;1393.8795;1373.7108;1324.4096;1364.7469;1378.1927;1443.1807;1519.3734;1602.2891;1678.4819;1691.9277;1761.3975;1806.2168;1833.1084;1864.4819;1873.4457;1916.0240;1929.4698;1924.9879;1963.0843;1987.7349;1945.1566;2001.1807;2014.6265;2023.5903;2005.6626;1967.5662;1976.5301;1967.5662;1936.1927;1956.3614;1933.9518;1902.5783;1853.2771;1812.9397;1745.7108;1718.8192;1665.0361;1602.2891;1548.5060;1532.8192;1517.1325;1535.0602;1544.0240;1548.5060;1561.9518;1566.4337;1552.9879;1541.7831;1488.0000;1476.7951;1445.4216;1418.5301;1400.6024;1366.9879;1358.0240;1344.5783;1302.0000;1290.7951;1266.1445;1216.8433;1196.6746;1140.6506;1111.5180;1059.9759;999.4698;934.4819;849.3253;786.5783;687.9759;605.0602;513.1807;470.6024;374.2409;336.1445;264.4337;208.4096;199.4457;147.9036;170.3132;163.5903;145.6626;143.4216;123.2530;121.0120;138.9397;132.2168;147.9036;141.1807;109.8072;127.7349;127.7349;100.8433;123.2530;96.3614;134.4578;127.7349;100.8433;123.2530;123.2530;76.1927;123.2530;33.6144;60.5060;56.0240;62.7469;87.3975;76.1927;40.3373;51.5421;22.4096;44.8192;56.0240;40.3373;62.7469;89.6385;47.0602;26.8915;22.4096;47.0602;71.7108;13.4457;0.0000;33.6144;33.6144;64.9879;60.5060;71.7108;76.1927;0.0000;42.5783;15.6867;17.9277;33.6144;6.7228;26.8915;40.3373;0.0000;49.3012;20.1686;35.8554;78.4337;4.4819;49.3012;44.8192;53.7831;62.7469;62.7469;29.1325;53.7831;0.0000;44.8192;49.3012;0.0000;56.0240;47.0602;22.4096;60.5060;0.0000;31.3734;53.7831;0.0000;87.3975;87.3975;51.5421;47.0602;4.4819;82.9156;53.7831;0.0000;64.9879;4.4819;0.0000;26.8915;69.4698;87.3975;6.7228;17.9277;24.6506;73.9518;0.0000;89.6385;96.3614;26.8915;145.6626;0.0000;13.4457;91.8795;29.1325;64.9879;60.5060;116.5301;107.5662;71.7108;159.1084;24.6506;67.2289;183.7590;127.7349;147.9036;172.5542;0.0000;73.9518;181.5180;64.9879;112.0481;87.3975;60.5060;307.0120;161.3493;154.6265;168.0722;56.0240;109.8072;31.3734;159.1084;277.8795;141.1807;275.6385;313.7349;35.8554;150.1445;13.4457;228.5783;387.6867;0.0000;168.0722;358.5542;190.4819;179.2771
2024-01-28 10:11:31;"PAR: 325; Depth: - 336.0";65.2207;72.4675;113.5324;65.2207;120.7792;101.4545;106.2857;130.4415;101.4545;140.1038;195.6623;210.1558;282.6233;311.6103;492.7792;526.5974;611.1428;746.4155;958.9870;1089.4285;1169.1428;1253.6883;1280.2597;1309.2467;1372.0519;1417.9480;1422.7792;1459.0129;1442.1038;1408.2857;1461.4285;1461.4285;1531.4805;1632.9350;1702.9870;1770.6233;1823.7662;1893.8181;1978.3636;1959.0389;2017.0129;2029.0909;2062.9090;2103.9740;2111.2207;2125.7142;2171.6103;2152.2857;2207.8441;2256.1558;2229.5844;2217.5064;2186.1038;2169.1948;2190.9350;2176.4415;2203.0129;2157.1168;2123.2987;2089.4805;1997.6883;1927.6363;1903.4805;1826.1818;1760.9610;1751.2987;1678.8311;1666.7532;1727.1428;1724.7272;1741.6363;1756.1298;1748.8831;1717.4805;1698.1558;1688.4935;1657.0909;1611.1948;1574.9610;1553.2207;1512.1558;1512.1558;1502.4935;1422.7792;1430.0259;1403.4545;1364.8051;1323.7402;1275.4285;1210.2077;1193.2987;1113.5844;1065.2727;990.3896;888.9350;780.2337;661.8701;558.0000;500.0259;398.5714;367.1688;272.9610;234.3116;222.2337;164.2597;159.4285;154.5974;152.1818;173.9220;144.9350;111.1168;157.0129;140.1038;169.0909;166.6753;111.1168;111.1168;113.5324;103.8701;113.5324;118.3636;128.0259;140.1038;86.9610;108.7012;96.6233;55.5584;91.7922;33.8181;55.5584;70.0519;82.1298;82.1298;82.1298;45.8961;43.4805;45.8961;65.2207;57.9740;9.6623;45.8961;72.4675;72.4675;55.5584;26.5714;84.5454;111.1168;28.9870;2.4155;14.4935;9.6623;89.3766;45.8961;70.0519;70.0519;0.0000;33.8181;38.6493;31.4025;19.3246;43.4805;55.5584;82.1298;16.9090;103.8701;21.7402;12.0779;89.3766;0.0000;53.1428;106.2857;57.9740;57.9740;72.4675;79.7142;53.1428;4.8311;101.4545;62.8051;0.0000;72.4675;74.8831;55.5584;79.7142;24.1558;33.8181;82.1298;21.7402;89.3766;48.3116;55.5584;43.4805;50.7272;72.4675;62.8051;12.0779;79.7142;16.9090;24.1558;36.2337;55.5584;137.6883;101.4545;120.7792;91.7922;113.5324;38.6493;82.1298;33.8181;57.9740;178.7532;45.8961;28.9870;120.7792;62.8051;140.1038;86.9610;74.8831;224.6493;60.3896;171.5064;86.9610;96.6233;188.4155;55.5584;103.8701;169.0909;0.0000;70.0519;186.0000;60.3896;152.1818;84.5454;31.4025;224.6493;219.8181;111.1168;239.1428;82.1298;166.6753;96.6233;280.2077;333.3506;178.7532;268.1298;338.1818;12.0779;243.9740;0.0000;186.0000;487.9480;106.2857;258.4675;277.7922;224.6493;243.9740
2024-01-28 10:11:33;"PAR: 394; Depth: - 336.0";47.2380;79.7142;47.2380;0.0000;106.2857;14.7619;8.8571;153.5238;147.6190;126.9523;186.0000;174.1904;248.0000;422.1904;531.4285;620.0000;705.6190;868.0000;1104.1904;1257.7142;1346.2857;1431.9047;1490.9523;1547.0476;1638.5714;1674.0000;1688.7619;1715.3333;1715.3333;1679.9047;1694.6666;1738.9523;1821.6190;1930.8571;2022.3809;2131.6190;2164.0952;2237.9047;2356.0000;2379.6190;2423.9047;2491.8095;2485.9047;2503.6190;2527.2380;2536.0952;2571.5238;2589.2380;2651.2380;2689.6190;2716.1904;2695.5238;2657.1428;2651.2380;2645.3333;2639.4285;2657.1428;2633.5238;2562.6666;2518.3809;2444.5714;2406.1904;2344.1904;2261.5238;2181.8095;2090.2857;2075.5238;2069.6190;2113.9047;2110.9523;2108.0000;2116.8571;2149.3333;2119.8095;2125.7142;2046.0000;2037.1428;2016.4761;1981.0476;1972.1904;1922.0000;1910.1904;1877.7142;1809.8095;1789.1428;1762.5714;1700.5714;1709.4285;1603.1428;1532.2857;1541.1428;1420.0952;1372.8571;1251.8095;1130.7619;986.0952;888.6666;699.7142;605.2380;507.8095;448.7619;374.9523;315.9047;292.2857;206.6666;191.9047;191.9047;200.7619;183.0476;171.2380;132.8571;171.2380;144.6666;159.4285;188.9523;144.6666;188.9523;174.1904;147.6190;180.0952;115.1428;144.6666;141.7142;165.3333;124.0000;112.1904;73.8095;126.9523;97.4285;32.4761;82.6666;88.5714;103.3333;67.9047;62.0000;91.5238;44.2857;44.2857;59.0476;59.0476;70.8571;88.5714;38.3809;20.6666;11.8095;8.8571;62.0000;35.4285;11.8095;29.5238;0.0000;109.2380;82.6666;17.7142;41.3333;0.0000;70.8571;64.9523;14.7619;29.5238;8.8571;20.6666;20.6666;5.9047;41.3333;0.0000;20.6666;67.9047;0.0000;0.0000;0.0000;64.9523;26.5714;32.4761;76.7619;82.6666;11.8095;0.0000;11.8095;17.7142;56.0952;35.4285;35.4285;97.4285;0.0000;0.0000;11.8095;5.9047;97.4285;26.5714;20.6666;79.7142;73.8095;0.0000;76.7619;91.5238;79.7142;0.0000;0.0000;35.4285;62.0000;38.3809;79.7142;56.0952;79.7142;88.5714;8.8571;91.5238;156.4761;8.8571;121.0476;44.2857;44.2857;44.2857;38.3809;191.9047;38.3809;0.0000;191.9047;168.2857;188.9523;0.0000;11.8095;209.6190;56.0952;32.4761;183.0476;0.0000;35.4285;168.2857;97.4285;200.7619;126.9523;0.0000;194.8571;295.2380;56.0952;97.4285;0.0000;274.5714;103.3333;76.7619;153.5238;186.0000;268.6666;398.5714;67.9047;330.6666;221.4285;17.7142;404.4761;112.1904;186.0000;301.1428;135.8095;395.6190
2024-01-28 10:11:35;"PAR: 459; Depth: - 336.0";54.1090;87.9272;118.3636;91.3090;206.2909;71.0181;40.5818;199.5272;277.3090;226.5818;297.6000;267.1636;368.6181;507.2727;669.6000;740.6181;784.5818;1004.4000;1258.0363;1437.2727;1545.4909;1653.7090;1701.0545;1755.1636;1846.4727;1903.9636;1910.7272;1964.8363;1958.0727;1927.6363;1947.9272;1971.6000;2086.5818;2211.7090;2313.1636;2418.0000;2505.9272;2597.2363;2664.8727;2664.8727;2773.0909;2793.3818;2854.2545;2904.9818;2891.4545;2948.9454;3006.4363;2999.6727;3050.4000;3101.1272;3128.1818;3114.6545;3087.6000;3040.2545;3047.0181;3047.0181;3084.2181;3043.6363;2989.5272;2884.6909;2867.7818;2752.8000;2664.8727;2600.6181;2485.6363;2418.0000;2360.5090;2363.8909;2401.0909;2431.5272;2431.5272;2455.2000;2461.9636;2472.1090;2485.6363;2370.6545;2336.8363;2326.6909;2282.7272;2252.2909;2177.8909;2157.6000;2177.8909;2157.6000;2100.1090;2066.2909;1995.2727;1947.9272;1870.1454;1822.8000;1717.9636;1636.8000;1559.0181;1460.9454;1271.5636;1126.1454;943.5272;831.9272;703.4181;591.8181;514.0363;426.1090;338.1818;324.6545;196.1454;246.8727;246.8727;223.2000;263.7818;209.6727;175.8545;216.4363;196.1454;223.2000;250.2545;189.3818;223.2000;206.2909;202.9090;202.9090;128.5090;179.2363;192.7636;152.1818;162.3272;158.9454;131.8909;186.0000;125.1272;84.5454;108.2181;125.1272;131.8909;148.8000;91.3090;98.0727;77.7818;175.8545;114.9818;64.2545;74.4000;108.2181;87.9272;67.6363;50.7272;84.5454;165.7090;77.7818;3.3818;74.4000;77.7818;148.8000;155.5636;128.5090;104.8363;37.2000;101.4545;74.4000;81.1636;77.7818;84.5454;118.3636;77.7818;47.3454;138.6545;71.0181;94.6909;114.9818;43.9636;104.8363;155.5636;104.8363;111.6000;111.6000;87.9272;145.4181;13.5272;128.5090;121.7454;6.7636;114.9818;98.0727;118.3636;158.9454;71.0181;158.9454;219.8181;74.4000;179.2363;169.0909;84.5454;121.7454;108.2181;138.6545;142.0363;87.9272;158.9454;91.3090;50.7272;84.5454;162.3272;226.5818;189.3818;64.2545;135.2727;165.7090;47.3454;114.9818;179.2363;0.0000;219.8181;64.2545;209.6727;267.1636;67.6363;270.5454;267.1636;209.6727;358.4727;142.0363;240.1090;175.8545;162.3272;263.7818;77.7818;236.7272;250.2545;27.0545;162.3272;273.9272;138.6545;229.9636;294.2181;287.4545;372.0000;243.4909;358.4727;287.4545;98.0727;331.4181;165.7090;240.1090;588.4363;304.3636;375.3818;618.8727;152.1818;341.5636;388.9090;446.4000;585.0545;128.5090;486.9818;517.4181;399.0545;524.1818
2024-01-28 10:11:38;"PAR: 426; Depth: - 336.0";0.0000;23.6727;23.6727;0.0000;74.4000;23.6727;0.0000;64.2545;43.9636;67.6363;125.1272;23.6727;118.3636;449.7818;510.6545;676.3636;737.2363;926.6181;1176.8727;1376.4000;1447.4181;1575.9272;1606.3636;1646.9454;1745.0181;1778.8363;1826.1818;1866.7636;1856.6181;1836.3272;1860.0000;1870.1454;1954.6909;2103.4909;2238.7636;2286.1090;2374.0363;2455.2000;2553.2727;2546.5090;2600.6181;2654.7272;2715.6000;2746.0363;2715.6000;2790.0000;2854.2545;2837.3454;2888.0727;2955.7090;2972.6181;2962.4727;2915.1272;2874.5454;2874.5454;2861.0181;2894.8363;2881.3090;2813.6727;2749.4181;2695.3090;2607.3818;2576.9454;2482.2545;2346.9818;2255.6727;2272.5818;2255.6727;2313.1636;2363.8909;2323.3090;2357.1272;2336.8363;2292.8727;2289.4909;2232.0000;2221.8545;2191.4181;2174.5090;2154.2181;2103.4909;2066.2909;2046.0000;1947.9272;1941.1636;1890.4363;1816.0363;1809.2727;1758.5454;1687.5272;1630.0363;1518.4363;1464.3272;1356.1090;1197.1636;1034.8363;855.6000;720.3272;672.9818;537.7090;453.1636;344.9454;314.5090;277.3090;202.9090;186.0000;196.1454;162.3272;186.0000;158.9454;101.4545;192.7636;155.5636;155.5636;202.9090;131.8909;135.2727;138.6545;128.5090;152.1818;104.8363;138.6545;101.4545;101.4545;111.6000;50.7272;33.8181;114.9818;13.5272;0.0000;40.5818;30.4363;54.1090;50.7272;23.6727;43.9636;0.0000;13.5272;30.4363;0.0000;3.3818;43.9636;0.0000;10.1454;3.3818;10.1454;50.7272;0.0000;0.0000;0.0000;40.5818;74.4000;30.4363;0.0000;81.1636;0.0000;10.1454;0.0000;23.6727;0.0000;0.0000;16.9090;23.6727;0.0000;0.0000;0.0000;0.0000;0.0000;0.0000;0.0000;6.7636;0.0000;67.6363;0.0000;50.7272;50.7272;0.0000;0.0000;6.7636;0.0000;0.0000;0.0000;20.2909;33.8181;0.0000;0.0000;0.0000;0.0000;87.9272;20.2909;0.0000;0.0000;0.0000;0.0000;0.0000;0.0000;0.0000;0.0000;0.0000;0.0000;40.5818;64.2545;43.9636;0.0000;0.0000;0.0000;0.0000;0.0000;20.2909;0.0000;182.6181;0.0000;0.0000;30.4363;0.0000;67.6363;10.1454;0.0000;43.9636;0.0000;60.8727;0.0000;0.0000;50.7272;0.0000;0.0000;91.3090;0.0000;0.0000;98.0727;0.0000;114.9818;0.0000;0.0000;118.3636;0.0000;0.0000;158.9454;0.0000;67.6363;0.0000;169.0909;175.8545;0.0000;50.7272;182.6181;0.0000;131.8909;0.0000;20.2909;321.2727;0.0000;0.0000;236.7272;0.0000;114.9818
2024-01-28 10:21:12;"PAR: 455; Depth: - 336.0";22.8923;28.6153;54.3692;8.5846;82.9846;60.0923;17.1692;88.7076;77.2615;143.0769;123.0461;160.2461;257.5384;517.9384;615.2307;718.2461;812.6769;981.5076;1207.5692;1433.6307;1519.4769;1616.7692;1648.2461;1702.6153;1777.0153;1808.4923;1808.4923;1848.5538;1837.1076;1788.4615;1771.2923;1794.1846;1891.4769;1991.6307;2071.7538;2171.9076;2237.7230;2297.8153;2363.6307;2386.5230;2415.1384;2449.4769;2515.2923;2552.4923;2518.1538;2535.3230;2578.2461;2581.1076;2598.2769;2649.7846;2664.0923;2626.8923;2598.2769;2558.2153;2575.3846;2578.2461;2586.8307;2589.6923;2526.7384;2506.7076;2472.3692;2432.3076;2375.0769;2346.4615;2286.3692;2263.4769;2257.7538;2220.5538;2292.0923;2280.6461;2292.0923;2314.9846;2326.4307;2337.8769;2314.9846;2286.3692;2266.3384;2249.1692;2257.7538;2232.0000;2183.3538;2166.1846;2140.4307;2154.7384;2128.9846;2097.5076;2066.0307;2054.5846;1983.0461;1931.5384;1908.6461;1865.7230;1822.8000;1711.2000;1622.4923;1513.7538;1387.8461;1264.8000;1110.2769;1018.7076;915.6923;849.8769;766.8923;738.2769;635.2615;598.0615;620.9538;603.7846;629.5384;589.4769;549.4153;598.0615;569.4461;566.5846;612.3692;532.2461;543.6923;526.5230;526.5230;532.2461;506.4923;483.6000;520.8000;463.5692;457.8461;426.3692;400.6153;429.2307;380.5846;303.3230;340.5230;311.9076;349.1076;360.5538;277.5692;286.1538;277.5692;271.8461;300.4615;266.1230;283.2923;271.8461;237.5076;214.6153;183.1384;151.6615;248.9538;134.4923;82.9846;82.9846;114.4615;160.2461;120.1846;77.2615;157.3846;0.0000;54.3692;31.4769;14.3076;20.0307;5.7230;5.7230;51.5076;0.0000;0.0000;0.0000;5.7230;60.0923;0.0000;0.0000;57.2307;0.0000;22.8923;57.2307;28.6153;80.1230;5.7230;0.0000;22.8923;0.0000;5.7230;11.4461;0.0000;0.0000;0.0000;0.0000;51.5076;0.0000;88.7076;25.7538;0.0000;5.7230;0.0000;0.0000;60.0923;0.0000;0.0000;0.0000;0.0000;0.0000;14.3076;0.0000;42.9230;22.8923;85.8461;0.0000;0.0000;0.0000;22.8923;0.0000;220.3384;0.0000;0.0000;25.7538;37.2000;174.5538;17.1692;0.0000;117.3230;0.0000;0.0000;0.0000;0.0000;65.8153;0.0000;0.0000;231.7846;0.0000;0.0000;71.5384;45.7846;217.4769;0.0000;0.0000;188.8615;11.4461;65.8153;108.7384;0.0000;85.8461;114.4615;0.0000;369.1384;0.0000;183.1384;123.0461;0.0000;143.0769;0.0000;0.0000;306.1846;0.0000;108.7384;165.9692;0.0000;211.7538
2024-01-28 10:21:14;"PAR: 761; Depth: - 336.0";106.9500;139.5000;232.5000;241.8000;274.3500;153.4500;232.5000;283.6500;223.2000;423.1500;418.5000;530.1000;706.8000;850.9500;1055.5500;1064.8500;1139.2500;1446.1500;1855.3500;2055.3000;2190.1500;2362.2000;2404.0500;2483.1000;2580.7500;2641.2000;2673.7500;2724.9000;2710.9500;2636.5500;2683.0500;2710.9500;2845.8000;3031.8000;3185.2500;3343.3500;3427.0500;3534.0000;3724.6500;3715.3500;3822.3000;3840.9000;3892.0500;3966.4500;3971.1000;4026.9000;4050.1500;4110.6000;4166.4000;4240.8000;4287.3000;4250.1000;4236.1500;4217.5500;4240.8000;4203.6000;4245.4500;4264.0500;4236.1500;4208.2500;4133.8500;4031.5500;4008.3000;3929.2500;3845.5500;3808.3500;3803.7000;3789.7500;3854.8500;3933.9000;3929.2500;3980.4000;4040.8500;4031.5500;4045.5000;4003.6500;3999.0000;3994.3500;3929.2500;3929.2500;3854.8500;3845.5500;3840.9000;3766.5000;3738.6000;3785.1000;3631.6500;3613.0500;3603.7500;3524.7000;3482.8500;3436.3500;3287.5500;3175.9500;2966.7000;2771.4000;2599.3500;2357.5500;2185.5000;1892.5500;1771.6500;1562.4000;1450.8000;1353.1500;1213.6500;1157.8500;1148.5500;1102.0500;1157.8500;1046.2500;1013.7000;1088.1000;1069.5000;1069.5000;1041.6000;1018.3500;1069.5000;1060.2000;1027.6500;1050.9000;967.2000;967.2000;1023.0000;962.5500;916.0500;930.0000;739.3500;781.2000;776.5500;692.8500;753.3000;664.9500;720.7500;720.7500;571.9500;655.6500;581.2500;585.9000;637.0500;604.5000;595.2000;576.6000;520.8000;511.5000;478.9500;460.3500;460.3500;330.1500;316.2000;265.0500;320.8500;358.0500;274.3500;353.4000;241.8000;125.5500;186.0000;172.0500;144.1500;153.4500;195.3000;125.5500;69.7500;83.7000;158.1000;0.0000;0.0000;120.9000;134.8500;106.9500;153.4500;162.7500;144.1500;172.0500;102.3000;181.3500;65.1000;111.6000;158.1000;55.8000;195.3000;46.5000;65.1000;162.7500;65.1000;18.6000;139.5000;0.0000;306.9000;204.6000;195.3000;195.3000;74.4000;97.6500;195.3000;74.4000;93.0000;46.5000;83.7000;97.6500;144.1500;241.8000;181.3500;46.5000;162.7500;190.6500;144.1500;199.9500;134.8500;13.9500;506.8500;55.8000;246.4500;162.7500;195.3000;539.4000;306.9000;97.6500;302.2500;227.8500;344.1000;255.7500;446.4000;381.3000;158.1000;292.9500;395.2500;0.0000;265.0500;376.6500;227.8500;334.8000;241.8000;60.4500;469.6500;376.6500;302.2500;771.9000;204.6000;413.8500;302.2500;516.1500;688.2000;465.0000;446.4000;753.3000;316.2000;469.6500;460.3500;553.3500;855.6000;0.0000;320.8500;683.5500;339.4500;595.2000
2024-01-28 10:21:18;"PAR: 1086; Depth: - 336.0";194.4545;177.5454;253.6363;135.2727;372.0000;93.0000;279.0000;473.4545;355.0909;490.3636;583.3636;558.0000;549.5454;963.8181;1116.0000;1310.4545;1555.6363;1834.6363;2274.2727;2671.6363;2815.3636;3052.0909;3119.7272;3162.0000;3356.4545;3449.4545;3466.3636;3584.7272;3584.7272;3517.0909;3474.8181;3500.1818;3728.4545;3990.5454;4201.9090;4421.7272;4616.1818;4759.9090;4979.7272;5038.9090;5047.3636;5216.4545;5334.8181;5385.5454;5444.7272;5436.2727;5613.8181;5689.9090;5757.5454;5875.9090;5901.2727;5977.3636;5833.6363;5749.0909;5774.4545;5782.9090;5968.9090;5943.5454;5859.0000;5774.4545;5782.9090;5613.8181;5698.3636;5571.5454;5461.6363;5301.0000;5241.8181;5377.0909;5537.7272;5588.4545;5546.1818;5749.0909;5791.3636;5698.3636;5689.9090;5622.2727;5639.1818;5596.9090;5673.0000;5605.3636;5470.0909;5537.7272;5537.7272;5343.2727;5394.0000;5351.7272;5174.1818;5224.9090;5115.0000;5022.0000;4929.0000;4827.5454;4743.0000;4514.7272;4337.1818;4032.8181;3643.9090;3390.2727;3153.5454;2773.0909;2620.9090;2257.3636;2062.9090;1969.9090;1826.1818;1767.0000;1826.1818;1707.8181;1707.8181;1674.0000;1564.0909;1724.7272;1623.2727;1758.5454;1707.8181;1606.3636;1682.4545;1547.1818;1513.3636;1547.1818;1445.7272;1581.0000;1488.0000;1378.0909;1378.0909;1251.2727;1192.0909;1361.1818;1048.3636;896.1818;930.0000;963.8181;1073.7272;972.2727;913.0909;1023.0000;887.7272;955.3636;1065.2727;828.5454;828.5454;896.1818;879.2727;786.2727;718.6363;574.9090;752.4545;507.2727;405.8181;355.0909;448.0909;735.5454;515.7272;245.1818;439.6363;50.7272;109.9090;228.2727;109.9090;194.4545;16.9090;211.3636;126.8181;135.2727;169.0909;42.2727;177.5454;211.3636;194.4545;0.0000;152.1818;109.9090;186.0000;93.0000;236.7272;126.8181;50.7272;84.5454;16.9090;16.9090;194.4545;228.2727;160.6363;177.5454;50.7272;33.8181;186.0000;0.0000;279.0000;211.3636;93.0000;228.2727;177.5454;0.0000;160.6363;59.1818;245.1818;0.0000;42.2727;0.0000;194.4545;372.0000;287.4545;186.0000;228.2727;211.3636;0.0000;93.0000;490.3636;50.7272;481.9090;186.0000;211.3636;321.2727;135.2727;465.0000;194.4545;312.8181;372.0000;0.0000;777.8181;186.0000;473.4545;566.4545;321.2727;228.2727;388.9090;0.0000;67.6363;481.9090;346.6363;608.7272;0.0000;338.1818;853.9090;414.2727;270.5454;558.0000;118.3636;287.4545;42.2727;642.5454;828.5454;126.8181;710.1818;1183.6363;194.4545;760.9090;295.9090;456.5454;1251.2727;0.0000;532.6363;1132.9090;667.9090;904.6363
2024-01-28 10:21:22;"PAR: 354; Depth: - 336.0";0.0000;48.0674;56.4269;85.6853;81.5056;87.7752;68.9662;98.2247;87.7752;121.2134;156.7415;100.3146;248.6966;328.1123;461.8651;570.5393;629.0561;794.1573;1001.0561;1159.8876;1195.4157;1285.2808;1320.8089;1335.4382;1410.6741;1429.4831;1435.7528;1450.3820;1454.5617;1425.3033;1410.6741;1425.3033;1500.5393;1571.5955;1640.5617;1717.8876;1778.4943;1832.8314;1882.9887;1912.2471;1941.5056;1964.4943;1985.3932;2039.7303;2014.6516;2029.2808;2031.3707;2039.7303;2091.9775;2125.4157;2129.5955;2119.1460;2073.1685;2064.8089;2073.1685;2064.8089;2094.0674;2060.6292;2033.4606;1989.5730;1943.5955;1928.9662;1928.9662;1855.8202;1791.0337;1749.2359;1734.6067;1747.1460;1768.0449;1778.4943;1788.9438;1807.7528;1816.1123;1832.8314;1832.8314;1801.4831;1776.4044;1747.1460;1730.4269;1722.0674;1728.3370;1690.7191;1692.8089;1659.3707;1625.9325;1630.1123;1590.4044;1561.1460;1538.1573;1481.7303;1456.6516;1408.5842;1396.0449;1299.9101;1199.5955;1128.5393;1005.2359;927.9101;827.5955;706.3820;664.5842;568.4494;499.4831;474.4044;436.7865;424.2471;424.2471;401.2584;403.3483;397.0786;376.1797;411.7078;397.0786;367.8202;376.1797;374.0898;351.1011;330.2022;326.0224;363.6404;323.9325;328.1123;307.2134;313.4831;292.5842;288.4044;263.3258;288.4044;229.8876;192.2696;200.6292;202.7191;213.1685;194.3595;169.2808;196.4494;169.2808;175.5505;188.0898;188.0898;175.5505;192.2696;152.5617;163.0112;100.3146;89.8651;160.9213;114.9438;89.8651;75.2359;71.0561;117.0337;81.5056;50.1573;87.7752;10.4494;45.9775;33.4382;48.0674;54.3370;20.8988;25.0786;41.7977;20.8988;50.1573;0.0000;0.0000;58.5168;12.5393;0.0000;22.9887;37.6179;50.1573;58.5168;62.6966;66.8764;0.0000;33.4382;0.0000;16.7191;75.2359;39.7078;4.1797;56.4269;0.0000;8.3595;27.1685;31.3483;85.6853;37.6179;56.4269;75.2359;52.2471;4.1797;73.1460;45.9775;50.1573;10.4494;0.0000;79.4157;10.4494;39.7078;50.1573;20.8988;79.4157;52.2471;0.0000;12.5393;22.9887;0.0000;50.1573;6.2696;52.2471;85.6853;6.2696;142.1123;48.0674;0.0000;64.7865;29.2584;66.8764;83.5955;29.2584;133.7528;112.8539;0.0000;73.1460;0.0000;52.2471;135.8426;43.8876;114.9438;54.3370;8.3595;129.5730;190.1797;144.2022;119.1235;0.0000;163.0112;83.5955;127.4831;129.5730;175.5505;257.0561;202.7191;22.9887;234.0674;73.1460;0.0000;211.0786;66.8764;211.0786;158.8314;110.7640;294.6741
2024-01-28 10:21:35;"PAR: 1006; Depth: - 336.0";0.0000;193.4400;193.4400;0.0000;215.7600;37.2000;267.8400;349.6800;200.8800;319.9200;372.0000;133.9200;714.2400;1049.0400;1324.3200;1413.6000;1562.4000;1971.6000;2529.6000;2812.3200;3065.2800;3318.2400;3355.4400;3459.6000;3630.7200;3749.7600;3794.4000;3809.2800;3749.7600;3772.0800;3742.3200;3794.4000;4069.6800;4270.5600;4434.2400;4657.4400;4843.4400;4947.6000;5155.9200;5200.5600;5289.8400;5394.0000;5565.1200;5535.3600;5609.7600;5572.5600;5661.8400;5699.0400;5832.9600;5944.5600;6011.5200;5989.2000;5810.6400;5751.1200;5825.5200;5870.1600;5914.8000;5788.3200;5788.3200;5758.5600;5684.1600;5565.1200;5513.0400;5408.8800;5267.5200;5193.1200;5126.1600;5141.0400;5267.5200;5364.2400;5312.1600;5386.5600;5431.2000;5386.5600;5379.1200;5349.3600;5230.3200;5200.5600;5133.6000;5185.6800;5118.7200;5081.5200;5059.2000;4910.4000;4873.2000;4865.7600;4813.6800;4783.9200;4627.6800;4523.5200;4516.0800;4352.4000;4203.6000;3980.4000;3742.3200;3429.8400;3080.1600;2797.4400;2574.2400;2284.0800;2068.3200;1830.2400;1629.3600;1532.6400;1324.3200;1368.9600;1346.6400;1309.4400;1324.3200;1197.8400;1086.2400;1227.6000;1220.1600;1272.2400;1257.3600;1071.3600;1138.3200;1130.8800;1116.0000;1108.5600;989.5200;1101.1200;1093.6800;1019.2800;982.0800;907.6800;803.5200;877.9200;758.8800;714.2400;766.3200;677.0400;766.3200;751.4400;624.9600;610.0800;520.8000;624.9600;632.4000;372.0000;468.7200;647.2800;468.7200;446.4000;275.2800;372.0000;528.2400;305.0400;178.5600;312.4800;193.4400;282.7200;208.3200;327.3600;238.0800;0.0000;178.5600;59.5200;59.5200;0.0000;0.0000;66.9600;133.9200;0.0000;119.0400;0.0000;0.0000;52.0800;0.0000;133.9200;133.9200;59.5200;111.6000;208.3200;0.0000;193.4400;0.0000;133.9200;104.1600;0.0000;223.2000;74.4000;156.2400;29.7600;14.8800;29.7600;252.9600;0.0000;305.0400;342.2400;0.0000;52.0800;0.0000;29.7600;208.3200;0.0000;215.7600;0.0000;0.0000;37.2000;0.0000;74.4000;0.0000;0.0000;163.6800;0.0000;0.0000;0.0000;22.3200;0.0000;372.0000;0.0000;89.2800;186.0000;0.0000;334.8000;0.0000;0.0000;327.3600;0.0000;133.9200;0.0000;52.0800;476.1600;0.0000;178.5600;409.2000;0.0000;89.2800;357.1200;59.5200;252.9600;133.9200;133.9200;721.6800;238.0800;141.3600;141.3600;0.0000;401.7600;37.2000;334.8000;535.6800;238.0800;349.6800;721.6800;0.0000;119.0400;394.3200;491.0400;974.6400;0.0000;230.6400;855.6000;245.5200;550.5600
2024-01-28 10:21:37;"PAR: 785; Depth: - 336.0";0.0000;47.8285;127.5428;0.0000;164.7428;0.0000;191.3142;239.1428;53.1428;441.0857;488.9142;478.2857;446.4000;664.2857;1094.7428;1211.6571;1286.0571;1594.2857;2019.4285;2263.8857;2455.2000;2619.9428;2694.3428;2790.0000;2912.2285;2976.0000;3039.7714;3108.8571;3039.7714;2986.6285;3018.5142;3061.0285;3204.5142;3417.0857;3507.4285;3693.4285;3820.9714;3964.4571;4086.6857;4134.5142;4272.6857;4256.7428;4347.0857;4341.7714;4352.4000;4373.6571;4437.4285;4564.9714;4575.6000;4612.8000;4676.5714;4618.1142;4591.5428;4533.0857;4596.8571;4564.9714;4634.0571;4612.8000;4554.3428;4432.1142;4421.4857;4320.5142;4214.2285;4192.9714;4123.8857;4022.9142;4033.5428;3932.5714;4092.0000;4065.4285;4134.5142;4203.6000;4208.9142;4177.0285;4139.8285;4107.9428;4118.5714;4070.7428;4086.6857;4017.6000;3906.0000;3900.6857;3863.4857;3805.0285;3906.0000;3762.5142;3672.1714;3656.2285;3565.8857;3486.1714;3390.5142;3300.1714;3268.2857;3119.4857;2901.6000;2641.2000;2455.2000;2184.1714;1982.2285;1721.8285;1583.6571;1381.7142;1227.6000;1211.6571;1057.5428;1036.2857;1068.1714;967.2000;972.5142;951.2571;924.6857;988.4571;967.2000;951.2571;935.3142;892.8000;882.1714;908.7428;844.9714;839.6571;797.1428;749.3142;802.4571;717.4285;749.3142;738.6857;621.7714;664.2857;504.8571;478.2857;536.7428;478.2857;589.8857;504.8571;403.8857;441.0857;382.6285;409.2000;472.9714;387.9428;435.7714;430.4571;419.8285;334.8000;334.8000;244.4571;478.2857;159.4285;122.2285;106.2857;148.8000;329.4857;207.2571;111.6000;154.1142;0.0000;26.5714;69.0857;37.2000;53.1428;0.0000;0.0000;122.2285;15.9428;74.4000;0.0000;21.2571;74.4000;0.0000;0.0000;116.9142;0.0000;21.2571;53.1428;106.2857;138.1714;0.0000;0.0000;21.2571;0.0000;21.2571;31.8857;0.0000;21.2571;0.0000;0.0000;148.8000;0.0000;217.8857;79.7142;10.6285;111.6000;0.0000;0.0000;85.0285;0.0000;0.0000;0.0000;0.0000;10.6285;0.0000;0.0000;170.0571;0.0000;15.9428;26.5714;0.0000;31.8857;0.0000;0.0000;409.2000;0.0000;0.0000;116.9142;0.0000;207.2571;0.0000;0.0000;345.4285;0.0000;244.4571;0.0000;58.4571;217.8857;37.2000;0.0000;350.7428;0.0000;0.0000;324.1714;21.2571;42.5142;138.1714;0.0000;584.5714;100.9714;265.7142;276.3428;0.0000;180.6857;0.0000;0.0000;467.6571;143.4857;286.9714;547.3714;58.4571;356.0571;0.0000;0.0000;759.9428;0.0000;265.7142;403.8857;207.2571;467.6571
2024-01-28 10:21:39;"PAR: 950; Depth: - 336.0";114.4615;114.4615;228.9230;93.0000;271.8461;264.6923;85.8461;386.3076;536.5384;479.3076;522.2307;422.0769;851.3076;1023.0000;1273.3846;1437.9230;1559.5384;1802.7692;2360.7692;2668.3846;2790.0000;3076.1538;3147.6923;3247.8461;3405.2307;3462.4615;3526.8461;3598.3846;3534.0000;3498.2307;3548.3076;3655.6153;3791.5384;3977.5384;4156.3846;4371.0000;4592.7692;4728.6923;4864.6153;4929.0000;5079.2307;5072.0769;5150.7692;5222.3076;5265.2307;5265.2307;5329.6153;5386.8461;5422.6153;5601.4615;5622.9230;5580.0000;5572.8461;5537.0769;5529.9230;5458.3846;5544.2307;5558.5384;5429.7692;5386.8461;5351.0769;5293.8461;5165.0769;5136.4615;4957.6153;4893.2307;4943.3076;4828.8461;4936.1538;5029.1538;5057.7692;5150.7692;5115.0000;5107.8461;5086.3846;4957.6153;5000.5384;4950.4615;4921.8461;4864.6153;4900.3846;4828.8461;4735.8461;4607.0769;4750.1538;4607.0769;4478.3076;4413.9230;4320.9230;4249.3846;4249.3846;4099.1538;3984.6923;3727.1538;3498.2307;3226.3846;2961.6923;2646.9230;2425.1538;2067.4615;1924.3846;1659.6923;1516.6153;1516.6153;1344.9230;1230.4615;1209.0000;1151.7692;1223.3076;1158.9230;1065.9230;1173.2307;1194.6923;1151.7692;1237.6153;1116.0000;1073.0769;1058.7692;1030.1538;1123.1538;958.6153;1001.5384;1023.0000;901.3846;994.3846;865.6153;751.1538;901.3846;722.5384;651.0000;622.3846;643.8461;715.3846;636.6923;593.7692;579.4615;443.5384;522.2307;636.6923;457.8461;622.3846;593.7692;529.3846;479.3076;422.0769;386.3076;493.6153;243.2307;250.3846;143.0769;186.0000;400.6153;243.2307;214.6153;164.5384;0.0000;78.6923;71.5384;0.0000;107.3076;35.7692;85.8461;157.3846;71.5384;135.9230;35.7692;186.0000;200.3076;150.2307;0.0000;164.5384;14.3076;128.7692;214.6153;143.0769;214.6153;42.9230;228.9230;243.2307;14.3076;150.2307;28.6153;42.9230;178.8461;0.0000;71.5384;228.9230;0.0000;171.6923;221.7692;150.2307;178.8461;150.2307;214.6153;236.0769;50.0769;286.1538;0.0000;14.3076;85.8461;236.0769;407.7692;357.6923;193.1538;135.9230;214.6153;0.0000;164.5384;350.5384;0.0000;407.7692;0.0000;200.3076;314.7692;0.0000;186.0000;114.4615;221.7692;486.4615;128.7692;386.3076;157.3846;372.0000;429.2307;386.3076;393.4615;579.4615;0.0000;28.6153;286.1538;293.3076;450.6923;157.3846;257.5384;758.3076;622.3846;164.5384;507.9230;279.0000;665.3076;465.0000;908.5384;987.2307;529.3846;565.1538;1080.2307;0.0000;686.7692;822.6923;300.4615;1108.8461;0.0000;536.5384;1008.6923;329.0769;865.6153
