"max_temp","time","set_point"
30,"2023/06/02 00:00:00",30
30,"2023/06/02 00:01:00",30
30,"2023/06/02 00:02:00",30
30,"2023/06/02 00:03:00",30
30,"2023/06/02 00:04:00",30
30,"2023/06/02 00:05:00",30
30,"2023/06/02 00:06:00",30
30,"2023/06/02 00:07:00",30
30,"2023/06/02 00:08:00",30
30,"2023/06/02 00:09:00",30
30,"2023/06/02 00:10:00",30
30,"2023/06/02 00:11:00",30
30,"2023/06/02 00:12:00",30
30,"2023/06/02 00:13:00",30
30,"2023/06/02 00:14:00",30
30,"2023/06/02 00:15:00",30
30,"2023/06/02 00:16:00",30
30,"2023/06/02 00:17:00",30
30,"2023/06/02 00:18:00",30
30,"2023/06/02 00:19:00",30
30,"2023/06/02 00:20:00",30
30,"2023/06/02 00:21:00",30
30,"2023/06/02 00:22:00",30
30,"2023/06/02 00:23:00",30
30,"2023/06/02 00:24:00",30
30,"2023/06/02 00:25:00",30
30,"2023/06/02 00:26:00",30
30,"2023/06/02 00:27:00",30
30,"2023/06/02 00:28:00",30
30,"2023/06/02 00:29:00",30
30,"2023/06/02 00:30:00",30
30,"2023/06/02 00:31:00",30
30,"2023/06/02 00:32:00",30
30,"2023/06/02 00:33:00",30
30,"2023/06/02 00:34:00",30
30,"2023/06/02 00:35:00",30
30,"2023/06/02 00:36:00",30
30,"2023/06/02 00:37:00",30
30,"2023/06/02 00:38:00",30
30,"2023/06/02 00:39:00",30
30,"2023/06/02 00:40:00",30
30,"2023/06/02 00:41:00",30
30,"2023/06/02 00:42:00",30
30,"2023/06/02 00:43:00",30
30,"2023/06/02 00:44:00",30
30,"2023/06/02 00:45:00",30
30,"2023/06/02 00:46:00",30
30,"2023/06/02 00:47:00",30
30,"2023/06/02 00:48:00",30
30,"2023/06/02 00:49:00",30
30,"2023/06/02 00:50:00",30
30,"2023/06/02 00:51:00",30
30,"2023/06/02 00:52:00",30
30,"2023/06/02 00:53:00",30
30,"2023/06/02 00:54:00",30
30,"2023/06/02 00:55:00",30
30,"2023/06/02 00:56:00",30
30,"2023/06/02 00:57:00",30
30,"2023/06/02 00:58:00",30
30,"2023/06/02 00:59:00",30
30,"2023/06/02 01:00:00",30
30,"2023/06/02 01:01:00",30
30,"2023/06/02 01:02:00",30
30,"2023/06/02 01:03:00",30
30,"2023/06/02 01:04:00",30
30,"2023/06/02 01:05:00",30
30,"2023/06/02 01:06:00",30
30,"2023/06/02 01:07:00",30
30,"2023/06/02 01:08:00",30
30,"2023/06/02 01:09:00",30
30,"2023/06/02 01:10:00",30
30,"2023/06/02 01:11:00",30
30,"2023/06/02 01:12:00",30
30,"2023/06/02 01:13:00",30
30,"2023/06/02 01:14:00",30
30,"2023/06/02 01:15:00",30
30,"2023/06/02 01:16:00",30
30,"2023/06/02 01:17:00",30
30,"2023/06/02 01:18:00",30
30,"2023/06/02 01:19:00",30
30,"2023/06/02 01:20:00",30
30,"2023/06/02 01:21:00",30
30,"2023/06/02 01:22:00",30
30,"2023/06/02 01:23:00",30
30,"2023/06/02 01:24:00",30
30,"2023/06/02 01:25:00",30
30,"2023/06/02 01:26:00",30
30,"2023/06/02 01:27:00",30
30,"2023/06/02 01:28:00",30
30,"2023/06/02 01:29:00",30
30,"2023/06/02 01:30:00",30
30,"2023/06/02 01:31:00",30
30,"2023/06/02 01:32:00",30
30,"2023/06/02 01:33:00",30
30,"2023/06/02 01:34:00",30
30,"2023/06/02 01:35:00",30
30,"2023/06/02 01:36:00",30
30,"2023/06/02 01:37:00",30
30,"2023/06/02 01:38:00",30
30,"2023/06/02 01:39:00",30
30,"2023/06/02 01:40:00",30
30,"2023/06/02 01:41:00",30
30,"2023/06/02 01:42:00",30
30,"2023/06/02 01:43:00",30
30,"2023/06/02 01:44:00",30
30,"2023/06/02 01:45:00",30
30,"2023/06/02 01:46:00",30
30,"2023/06/02 01:47:00",30
30,"2023/06/02 01:48:00",30
30,"2023/06/02 01:49:00",30
30,"2023/06/02 01:50:00",30
30,"2023/06/02 01:51:00",30
30,"2023/06/02 01:52:00",30
30,"2023/06/02 01:53:00",30
30,"2023/06/02 01:54:00",30
30,"2023/06/02 01:55:00",30
30,"2023/06/02 01:56:00",30
30,"2023/06/02 01:57:00",30
30,"2023/06/02 01:58:00",30
30,"2023/06/02 01:59:00",30
30,"2023/06/02 02:00:00",30
30,"2023/06/02 02:01:00",30
30,"2023/06/02 02:02:00",30
30,"2023/06/02 02:03:00",30
30,"2023/06/02 02:04:00",30
30,"2023/06/02 02:05:00",30
30,"2023/06/02 02:06:00",30
30,"2023/06/02 02:07:00",30
30,"2023/06/02 02:08:00",30
30,"2023/06/02 02:09:00",30
30,"2023/06/02 02:10:00",30
30,"2023/06/02 02:11:00",30
30,"2023/06/02 02:12:00",30
30,"2023/06/02 02:13:00",30
30,"2023/06/02 02:14:00",30
30,"2023/06/02 02:15:00",30
30,"2023/06/02 02:16:00",30
30,"2023/06/02 02:17:00",30
30,"2023/06/02 02:18:00",30
30,"2023/06/02 02:19:00",30
30,"2023/06/02 02:20:00",30
30,"2023/06/02 02:21:00",30
30,"2023/06/02 02:22:00",30
30,"2023/06/02 02:23:00",30
30,"2023/06/02 02:24:00",30
30,"2023/06/02 02:25:00",30
30,"2023/06/02 02:26:00",30
30,"2023/06/02 02:27:00",30
30,"2023/06/02 02:28:00",30
30,"2023/06/02 02:29:00",30
30,"2023/06/02 02:30:00",30
30,"2023/06/02 02:31:00",30
30,"2023/06/02 02:32:00",30
30,"2023/06/02 02:33:00",30
30,"2023/06/02 02:34:00",30
30,"2023/06/02 02:35:00",30
30,"2023/06/02 02:36:00",30
30,"2023/06/02 02:37:00",30
30,"2023/06/02 02:38:00",30
30,"2023/06/02 02:39:00",30
30,"2023/06/02 02:40:00",30
30,"2023/06/02 02:41:00",30
30,"2023/06/02 02:42:00",30
30,"2023/06/02 02:43:00",30
30,"2023/06/02 02:44:00",30
30,"2023/06/02 02:45:00",30
30,"2023/06/02 02:46:00",30
30,"2023/06/02 02:47:00",30
30,"2023/06/02 02:48:00",30
30,"2023/06/02 02:49:00",30
30,"2023/06/02 02:50:00",30
30,"2023/06/02 02:51:00",30
30,"2023/06/02 02:52:00",30
30,"2023/06/02 02:53:00",30
30,"2023/06/02 02:54:00",30
30,"2023/06/02 02:55:00",30
30,"2023/06/02 02:56:00",30
30,"2023/06/02 02:57:00",30
30,"2023/06/02 02:58:00",30
30,"2023/06/02 02:59:00",30
30,"2023/06/02 03:00:00",30
30,"2023/06/02 03:01:00",30
30,"2023/06/02 03:02:00",30
30,"2023/06/02 03:03:00",30
30,"2023/06/02 03:04:00",30
30,"2023/06/02 03:05:00",30
30,"2023/06/02 03:06:00",30
30,"2023/06/02 03:07:00",30
30,"2023/06/02 03:08:00",30
30,"2023/06/02 03:09:00",30
30,"2023/06/02 03:10:00",30
30,"2023/06/02 03:11:00",30
30,"2023/06/02 03:12:00",30
30,"2023/06/02 03:13:00",30
30,"2023/06/02 03:14:00",30
30,"2023/06/02 03:15:00",30
30,"2023/06/02 03:16:00",30
30,"2023/06/02 03:17:00",30
30,"2023/06/02 03:18:00",30
30,"2023/06/02 03:19:00",30
30,"2023/06/02 03:20:00",30
30,"2023/06/02 03:21:00",30
30,"2023/06/02 03:22:00",30
30,"2023/06/02 03:23:00",30
30,"2023/06/02 03:24:00",30
30,"2023/06/02 03:25:00",30
30,"2023/06/02 03:26:00",30
30,"2023/06/02 03:27:00",30
30,"2023/06/02 03:28:00",30
30,"2023/06/02 03:29:00",30
30,"2023/06/02 03:30:00",30
30,"2023/06/02 03:31:00",30
30,"2023/06/02 03:32:00",30
30,"2023/06/02 03:33:00",30
30,"2023/06/02 03:34:00",30
30,"2023/06/02 03:35:00",30
30,"2023/06/02 03:36:00",30
30,"2023/06/02 03:37:00",30
30,"2023/06/02 03:38:00",30
30,"2023/06/02 03:39:00",30
30,"2023/06/02 03:40:00",30
30,"2023/06/02 03:41:00",30
30,"2023/06/02 03:42:00",30
30,"2023/06/02 03:43:00",30
30,"2023/06/02 03:44:00",30
30,"2023/06/02 03:45:00",30
30,"2023/06/02 03:46:00",30
30,"2023/06/02 03:47:00",30
30,"2023/06/02 03:48:00",30
30,"2023/06/02 03:49:00",30
30,"2023/06/02 03:50:00",30
30,"2023/06/02 03:51:00",30
30,"2023/06/02 03:52:00",30
30,"2023/06/02 03:53:00",30
30,"2023/06/02 03:54:00",30
30,"2023/06/02 03:55:00",30
30,"2023/06/02 03:56:00",30
30,"2023/06/02 03:57:00",30
30,"2023/06/02 03:58:00",30
30,"2023/06/02 03:59:00",30
30,"2023/06/02 04:00:00",30
30,"2023/06/02 04:01:00",30
30,"2023/06/02 04:02:00",30
30,"2023/06/02 04:03:00",30
30,"2023/06/02 04:04:00",30
30,"2023/06/02 04:05:00",30
30,"2023/06/02 04:06:00",30
30,"2023/06/02 04:07:00",30
30,"2023/06/02 04:08:00",30
30,"2023/06/02 04:09:00",30
30,"2023/06/02 04:10:00",30
30,"2023/06/02 04:11:00",30
30,"2023/06/02 04:12:00",30
30,"2023/06/02 04:13:00",30
30,"2023/06/02 04:14:00",30
30,"2023/06/02 04:15:00",30
30,"2023/06/02 04:16:00",30
30,"2023/06/02 04:17:00",30
30,"2023/06/02 04:18:00",30
30,"2023/06/02 04:19:00",30
30,"2023/06/02 04:20:00",30
30,"2023/06/02 04:21:00",30
30,"2023/06/02 04:22:00",30
30,"2023/06/02 04:23:00",30
30,"2023/06/02 04:24:00",30
30,"2023/06/02 04:25:00",30
30,"2023/06/02 04:26:00",30
30,"2023/06/02 04:27:00",30
30,"2023/06/02 04:28:00",30
30,"2023/06/02 04:29:00",30
30,"2023/06/02 04:30:00",30
30,"2023/06/02 04:31:00",30
30,"2023/06/02 04:32:00",30
30,"2023/06/02 04:33:00",30
30,"2023/06/02 04:34:00",30
30,"2023/06/02 04:35:00",30
30,"2023/06/02 04:36:00",30
30,"2023/06/02 04:37:00",30
30,"2023/06/02 04:38:00",30
30,"2023/06/02 04:39:00",30
30,"2023/06/02 04:40:00",30
30,"2023/06/02 04:41:00",30
30,"2023/06/02 04:42:00",30
30,"2023/06/02 04:43:00",30
30,"2023/06/02 04:44:00",30
30,"2023/06/02 04:45:00",30
30,"2023/06/02 04:46:00",30
30,"2023/06/02 04:47:00",30
30,"2023/06/02 04:48:00",30
30,"2023/06/02 04:49:00",30
30,"2023/06/02 04:50:00",30
30,"2023/06/02 04:51:00",30
30,"2023/06/02 04:52:00",30
30,"2023/06/02 04:53:00",30
30,"2023/06/02 04:54:00",30
30,"2023/06/02 04:55:00",30
30,"2023/06/02 04:56:00",30
30,"2023/06/02 04:57:00",30
30,"2023/06/02 04:58:00",30
30,"2023/06/02 04:59:00",30
30,"2023/06/02 05:00:00",30
30,"2023/06/02 05:01:00",30
30,"2023/06/02 05:02:00",30
30,"2023/06/02 05:03:00",30
30,"2023/06/02 05:04:00",30
30,"2023/06/02 05:05:00",30
30,"2023/06/02 05:06:00",30
30,"2023/06/02 05:07:00",30
30,"2023/06/02 05:08:00",30
30,"2023/06/02 05:09:00",30
30,"2023/06/02 05:10:00",30
30,"2023/06/02 05:11:00",30
30,"2023/06/02 05:12:00",30
30,"2023/06/02 05:13:00",30
30,"2023/06/02 05:14:00",30
30,"2023/06/02 05:15:00",30
30,"2023/06/02 05:16:00",30
30,"2023/06/02 05:17:00",30
30,"2023/06/02 05:18:00",30
30,"2023/06/02 05:19:00",30
30,"2023/06/02 05:20:00",30
30,"2023/06/02 05:21:00",30
30,"2023/06/02 05:22:00",30
30,"2023/06/02 05:23:00",30
30,"2023/06/02 05:24:00",30
30,"2023/06/02 05:25:00",30
30,"2023/06/02 05:26:00",30
30,"2023/06/02 05:27:00",30
30,"2023/06/02 05:28:00",30
30,"2023/06/02 05:29:00",30
30,"2023/06/02 05:30:00",30
30,"2023/06/02 05:31:00",30
30,"2023/06/02 05:32:00",30
30,"2023/06/02 05:33:00",30
30,"2023/06/02 05:34:00",30
30,"2023/06/02 05:35:00",30
30,"2023/06/02 05:36:00",30
30,"2023/06/02 05:37:00",30
30,"2023/06/02 05:38:00",30
30,"2023/06/02 05:39:00",30
30,"2023/06/02 05:40:00",30
30,"2023/06/02 05:41:00",30
30,"2023/06/02 05:42:00",30
30,"2023/06/02 05:43:00",30
30,"2023/06/02 05:44:00",30
30,"2023/06/02 05:45:00",30
30,"2023/06/02 05:46:00",30
30,"2023/06/02 05:47:00",30
30,"2023/06/02 05:48:00",30
30,"2023/06/02 05:49:00",30
30,"2023/06/02 05:50:00",30
30,"2023/06/02 05:51:00",30
30,"2023/06/02 05:52:00",30
30,"2023/06/02 05:53:00",30
30,"2023/06/02 05:54:00",30
30,"2023/06/02 05:55:00",30
30,"2023/06/02 05:56:00",30
30,"2023/06/02 05:57:00",30
30,"2023/06/02 05:58:00",30
30,"2023/06/02 05:59:00",30
30,"2023/06/02 06:00:00",30
30,"2023/06/02 06:01:00",30
30,"2023/06/02 06:02:00",30
30,"2023/06/02 06:03:00",30
30,"2023/06/02 06:04:00",30
30,"2023/06/02 06:05:00",30
30,"2023/06/02 06:06:00",30
30,"2023/06/02 06:07:00",30
30,"2023/06/02 06:08:00",30
30,"2023/06/02 06:09:00",30
30,"2023/06/02 06:10:00",30
30,"2023/06/02 06:11:00",30
30,"2023/06/02 06:12:00",30
30,"2023/06/02 06:13:00",30
30,"2023/06/02 06:14:00",30
30,"2023/06/02 06:15:00",30
30,"2023/06/02 06:16:00",30
30,"2023/06/02 06:17:00",30
30,"2023/06/02 06:18:00",30
30,"2023/06/02 06:19:00",30
30,"2023/06/02 06:20:00",30
30,"2023/06/02 06:21:00",30
30,"2023/06/02 06:22:00",30
30,"2023/06/02 06:23:00",30
30,"2023/06/02 06:24:00",30
30,"2023/06/02 06:25:00",30
30,"2023/06/02 06:26:00",30
30,"2023/06/02 06:27:00",30
30,"2023/06/02 06:28:00",30
30,"2023/06/02 06:29:00",30
30,"2023/06/02 06:30:00",30
30,"2023/06/02 06:31:00",30
30,"2023/06/02 06:32:00",30
30,"2023/06/02 06:33:00",30
30,"2023/06/02 06:34:00",30
30,"2023/06/02 06:35:00",30
30,"2023/06/02 06:36:00",30
30,"2023/06/02 06:37:00",30
30,"2023/06/02 06:38:00",30
30,"2023/06/02 06:39:00",30
30,"2023/06/02 06:40:00",30
30,"2023/06/02 06:41:00",30
30,"2023/06/02 06:42:00",30
30,"2023/06/02 06:43:00",30
30,"2023/06/02 06:44:00",30
30,"2023/06/02 06:45:00",30
30,"2023/06/02 06:46:00",30
30,"2023/06/02 06:47:00",30
30,"2023/06/02 06:48:00",30
30,"2023/06/02 06:49:00",30
30,"2023/06/02 06:50:00",30
30,"2023/06/02 06:51:00",30
30,"2023/06/02 06:52:00",30
30,"2023/06/02 06:53:00",30
30,"2023/06/02 06:54:00",30
30,"2023/06/02 06:55:00",30
30,"2023/06/02 06:56:00",30
30,"2023/06/02 06:57:00",30
30,"2023/06/02 06:58:00",30
30,"2023/06/02 06:59:00",30
30,"2023/06/02 07:00:00",30
30,"2023/06/02 07:01:00",30
30,"2023/06/02 07:02:00",30
30,"2023/06/02 07:03:00",30
30,"2023/06/02 07:04:00",30
30,"2023/06/02 07:05:00",30
30,"2023/06/02 07:06:00",30
30,"2023/06/02 07:07:00",30
30,"2023/06/02 07:08:00",30
30,"2023/06/02 07:09:00",30
30,"2023/06/02 07:10:00",30
30,"2023/06/02 07:11:00",30
30,"2023/06/02 07:12:00",30
30,"2023/06/02 07:13:00",30
30,"2023/06/02 07:14:00",30
30,"2023/06/02 07:15:00",30
30,"2023/06/02 07:16:00",30
30,"2023/06/02 07:17:00",30
30,"2023/06/02 07:18:00",30
30,"2023/06/02 07:19:00",30
30,"2023/06/02 07:20:00",30
30,"2023/06/02 07:21:00",30
30,"2023/06/02 07:22:00",30
30,"2023/06/02 07:23:00",30
30,"2023/06/02 07:24:00",30
30,"2023/06/02 07:25:00",30
30,"2023/06/02 07:26:00",30
30,"2023/06/02 07:27:00",30
30,"2023/06/02 07:28:00",30
30,"2023/06/02 07:29:00",30
30,"2023/06/02 07:30:00",30
30,"2023/06/02 07:31:00",30
30,"2023/06/02 07:32:00",30
30,"2023/06/02 07:33:00",30
30,"2023/06/02 07:34:00",30
30,"2023/06/02 07:35:00",30
30,"2023/06/02 07:36:00",30
30,"2023/06/02 07:37:00",30
30,"2023/06/02 07:38:00",30
30,"2023/06/02 07:39:00",30
30,"2023/06/02 07:40:00",30
30,"2023/06/02 07:41:00",30
30,"2023/06/02 07:42:00",30
30,"2023/06/02 07:43:00",30
30,"2023/06/02 07:44:00",30
30,"2023/06/02 07:45:00",30
30,"2023/06/02 07:46:00",30
30,"2023/06/02 07:47:00",30
30,"2023/06/02 07:48:00",30
30,"2023/06/02 07:49:00",30
30,"2023/06/02 07:50:00",30
30,"2023/06/02 07:51:00",30
30,"2023/06/02 07:52:00",30
30,"2023/06/02 07:53:00",30
30,"2023/06/02 07:54:00",30
30,"2023/06/02 07:55:00",30
30,"2023/06/02 07:56:00",30
30,"2023/06/02 07:57:00",30
30,"2023/06/02 07:58:00",30
30,"2023/06/02 07:59:00",30
30,"2023/06/02 08:00:00",30
30,"2023/06/02 08:01:00",30
30,"2023/06/02 08:02:00",30
30,"2023/06/02 08:03:00",30
30,"2023/06/02 08:04:00",30
30,"2023/06/02 08:05:00",30
30,"2023/06/02 08:06:00",30
30,"2023/06/02 08:07:00",30
30,"2023/06/02 08:08:00",30
30,"2023/06/02 08:09:00",30
30,"2023/06/02 08:10:00",30
30,"2023/06/02 08:11:00",30
30,"2023/06/02 08:12:00",30
30,"2023/06/02 08:13:00",30
30,"2023/06/02 08:14:00",30
30,"2023/06/02 08:15:00",30
30,"2023/06/02 08:16:00",30
30,"2023/06/02 08:17:00",30
30,"2023/06/02 08:18:00",30
30,"2023/06/02 08:19:00",30
30,"2023/06/02 08:20:00",30
30,"2023/06/02 08:21:00",30
30,"2023/06/02 08:22:00",30
30,"2023/06/02 08:23:00",30
30,"2023/06/02 08:24:00",30
30,"2023/06/02 08:25:00",30
30,"2023/06/02 08:26:00",30
30,"2023/06/02 08:27:00",30
30,"2023/06/02 08:28:00",30
30,"2023/06/02 08:29:00",30
30,"2023/06/02 08:30:00",30
30,"2023/06/02 08:31:00",30
30,"2023/06/02 08:32:00",30
30,"2023/06/02 08:33:00",30
30,"2023/06/02 08:34:00",30
30,"2023/06/02 08:35:00",30
30,"2023/06/02 08:36:00",30
30,"2023/06/02 08:37:00",30
30,"2023/06/02 08:38:00",30
30,"2023/06/02 08:39:00",30
30,"2023/06/02 08:40:00",30
30,"2023/06/02 08:41:00",30
30,"2023/06/02 08:42:00",30
30,"2023/06/02 08:43:00",30
30,"2023/06/02 08:44:00",30
30,"2023/06/02 08:45:00",30
30,"2023/06/02 08:46:00",30
30,"2023/06/02 08:47:00",30
30,"2023/06/02 08:48:00",30
30,"2023/06/02 08:49:00",30
30,"2023/06/02 08:50:00",30
30,"2023/06/02 08:51:00",30
30,"2023/06/02 08:52:00",30
30,"2023/06/02 08:53:00",30
30,"2023/06/02 08:54:00",30
30,"2023/06/02 08:55:00",30
30,"2023/06/02 08:56:00",30
30,"2023/06/02 08:57:00",30
30,"2023/06/02 08:58:00",30
30,"2023/06/02 08:59:00",30
30,"2023/06/02 09:00:00",30
34,"2023/06/02 00:00:00",30
34,"2023/06/02 00:01:00",30
34,"2023/06/02 00:02:00",30
34,"2023/06/02 00:03:00",30
34,"2023/06/02 00:04:00",30
34,"2023/06/02 00:05:00",30
34,"2023/06/02 00:06:00",30
34,"2023/06/02 00:07:00",30
34,"2023/06/02 00:08:00",30
34,"2023/06/02 00:09:00",30
34,"2023/06/02 00:10:00",30
34,"2023/06/02 00:11:00",30
34,"2023/06/02 00:12:00",30
34,"2023/06/02 00:13:00",30
34,"2023/06/02 00:14:00",30
34,"2023/06/02 00:15:00",30
34,"2023/06/02 00:16:00",30
34,"2023/06/02 00:17:00",30
34,"2023/06/02 00:18:00",30
34,"2023/06/02 00:19:00",30
34,"2023/06/02 00:20:00",30
34,"2023/06/02 00:21:00",30
34,"2023/06/02 00:22:00",30
34,"2023/06/02 00:23:00",30
34,"2023/06/02 00:24:00",30
34,"2023/06/02 00:25:00",30
34,"2023/06/02 00:26:00",30
34,"2023/06/02 00:27:00",30
34,"2023/06/02 00:28:00",30
34,"2023/06/02 00:29:00",30
34,"2023/06/02 00:30:00",30
34,"2023/06/02 00:31:00",30
34,"2023/06/02 00:32:00",30
34,"2023/06/02 00:33:00",30
34,"2023/06/02 00:34:00",30
34,"2023/06/02 00:35:00",30
34,"2023/06/02 00:36:00",30
34,"2023/06/02 00:37:00",30
34,"2023/06/02 00:38:00",30
34,"2023/06/02 00:39:00",30
34,"2023/06/02 00:40:00",30
34,"2023/06/02 00:41:00",30
34,"2023/06/02 00:42:00",30
34,"2023/06/02 00:43:00",30
34,"2023/06/02 00:44:00",30
34,"2023/06/02 00:45:00",30
34,"2023/06/02 00:46:00",30
34,"2023/06/02 00:47:00",30
34,"2023/06/02 00:48:00",30
34,"2023/06/02 00:49:00",30
34,"2023/06/02 00:50:00",30
34,"2023/06/02 00:51:00",30
34,"2023/06/02 00:52:00",30
34,"2023/06/02 00:53:00",30
34,"2023/06/02 00:54:00",30
34,"2023/06/02 00:55:00",30
34,"2023/06/02 00:56:00",30
34,"2023/06/02 00:57:00",30
34,"2023/06/02 00:58:00",30
34,"2023/06/02 00:59:00",30
34,"2023/06/02 01:00:00",30
34,"2023/06/02 01:01:00",30
34,"2023/06/02 01:02:00",30.022346368715084
34,"2023/06/02 01:03:00",30.044692737430168
34,"2023/06/02 01:04:00",30.067039106145252
34,"2023/06/02 01:05:00",30.089385474860336
34,"2023/06/02 01:06:00",30.11173184357542
34,"2023/06/02 01:07:00",30.134078212290504
34,"2023/06/02 01:08:00",30.156424581005588
34,"2023/06/02 01:09:00",30.178770949720672
34,"2023/06/02 01:10:00",30.201117318435756
34,"2023/06/02 01:11:00",30.223463687150836
34,"2023/06/02 01:12:00",30.24581005586592
34,"2023/06/02 01:13:00",30.268156424581004
34,"2023/06/02 01:14:00",30.29050279329609
34,"2023/06/02 01:15:00",30.312849162011172
34,"2023/06/02 01:16:00",30.335195530726256
34,"2023/06/02 01:17:00",30.35754189944134
34,"2023/06/02 01:18:00",30.379888268156424
34,"2023/06/02 01:19:00",30.40223463687151
34,"2023/06/02 01:20:00",30.424581005586592
34,"2023/06/02 01:21:00",30.446927374301676
34,"2023/06/02 01:22:00",30.46927374301676
34,"2023/06/02 01:23:00",30.491620111731844
34,"2023/06/02 01:24:00",30.51396648044693
34,"2023/06/02 01:25:00",30.536312849162012
34,"2023/06/02 01:26:00",30.558659217877096
34,"2023/06/02 01:27:00",30.58100558659218
34,"2023/06/02 01:28:00",30.60335195530726
34,"2023/06/02 01:29:00",30.625698324022345
34,"2023/06/02 01:30:00",30.64804469273743
34,"2023/06/02 01:31:00",30.670391061452513
34,"2023/06/02 01:32:00",30.692737430167597
34,"2023/06/02 01:33:00",30.71508379888268
34,"2023/06/02 01:34:00",30.737430167597765
34,"2023/06/02 01:35:00",30.75977653631285
34,"2023/06/02 01:36:00",30.782122905027933
34,"2023/06/02 01:37:00",30.804469273743017
34,"2023/06/02 01:38:00",30.8268156424581
34,"2023/06/02 01:39:00",30.849162011173185
34,"2023/06/02 01:40:00",30.87150837988827
34,"2023/06/02 01:41:00",30.893854748603353
34,"2023/06/02 01:42:00",30.916201117318437
34,"2023/06/02 01:43:00",30.93854748603352
34,"2023/06/02 01:44:00",30.960893854748605
34,"2023/06/02 01:45:00",30.98324022346369
34,"2023/06/02 01:46:00",31.005586592178773
34,"2023/06/02 01:47:00",31.027932960893853
34,"2023/06/02 01:48:00",31.050279329608937
34,"2023/06/02 01:49:00",31.07262569832402
34,"2023/06/02 01:50:00",31.094972067039105
34,"2023/06/02 01:51:00",31.11731843575419
34,"2023/06/02 01:52:00",31.139664804469273
34,"2023/06/02 01:53:00",31.162011173184357
34,"2023/06/02 01:54:00",31.18435754189944
34,"2023/06/02 01:55:00",31.206703910614525
34,"2023/06/02 01:56:00",31.22905027932961
34,"2023/06/02 01:57:00",31.251396648044693
34,"2023/06/02 01:58:00",31.273743016759777
34,"2023/06/02 01:59:00",31.29608938547486
34,"2023/06/02 02:00:00",31.318435754189945
34,"2023/06/02 02:01:00",31.34078212290503
34,"2023/06/02 02:02:00",31.363128491620113
34,"2023/06/02 02:03:00",31.385474860335197
34,"2023/06/02 02:04:00",31.407821229050278
34,"2023/06/02 02:05:00",31.43016759776536
34,"2023/06/02 02:06:00",31.452513966480446
34,"2023/06/02 02:07:00",31.47486033519553
34,"2023/06/02 02:08:00",31.497206703910614
34,"2023/06/02 02:09:00",31.519553072625698
34,"2023/06/02 02:10:00",31.54189944134078
34,"2023/06/02 02:11:00",31.564245810055866
34,"2023/06/02 02:12:00",31.58659217877095
34,"2023/06/02 02:13:00",31.608938547486034
34,"2023/06/02 02:14:00",31.631284916201118
34,"2023/06/02 02:15:00",31.6536312849162
34,"2023/06/02 02:16:00",31.675977653631286
34,"2023/06/02 02:17:00",31.69832402234637
34,"2023/06/02 02:18:00",31.720670391061454
34,"2023/06/02 02:19:00",31.743016759776538
34,"2023/06/02 02:20:00",31.76536312849162
34,"2023/06/02 02:21:00",31.787709497206706
34,"2023/06/02 02:22:00",31.81005586592179
34,"2023/06/02 02:23:00",31.83240223463687
34,"2023/06/02 02:24:00",31.854748603351954
34,"2023/06/02 02:25:00",31.877094972067038
34,"2023/06/02 02:26:00",31.899441340782122
34,"2023/06/02 02:27:00",31.921787709497206
34,"2023/06/02 02:28:00",31.94413407821229
34,"2023/06/02 02:29:00",31.966480446927374
34,"2023/06/02 02:30:00",31.988826815642458
34,"2023/06/02 02:31:00",32.011173184357546
34,"2023/06/02 02:32:00",32.03351955307262
34,"2023/06/02 02:33:00",32.055865921787706
34,"2023/06/02 02:34:00",32.07821229050279
34,"2023/06/02 02:35:00",32.100558659217874
34,"2023/06/02 02:36:00",32.12290502793296
34,"2023/06/02 02:37:00",32.14525139664804
34,"2023/06/02 02:38:00",32.167597765363126
34,"2023/06/02 02:39:00",32.18994413407821
34,"2023/06/02 02:40:00",32.212290502793294
34,"2023/06/02 02:41:00",32.23463687150838
34,"2023/06/02 02:42:00",32.25698324022346
34,"2023/06/02 02:43:00",32.279329608938546
34,"2023/06/02 02:44:00",32.30167597765363
34,"2023/06/02 02:45:00",32.324022346368714
34,"2023/06/02 02:46:00",32.3463687150838
34,"2023/06/02 02:47:00",32.36871508379888
34,"2023/06/02 02:48:00",32.391061452513966
34,"2023/06/02 02:49:00",32.41340782122905
34,"2023/06/02 02:50:00",32.435754189944134
34,"2023/06/02 02:51:00",32.45810055865922
34,"2023/06/02 02:52:00",32.4804469273743
34,"2023/06/02 02:53:00",32.502793296089386
34,"2023/06/02 02:54:00",32.52513966480447
34,"2023/06/02 02:55:00",32.547486033519554
34,"2023/06/02 02:56:00",32.56983240223464
34,"2023/06/02 02:57:00",32.59217877094972
34,"2023/06/02 02:58:00",32.614525139664806
34,"2023/06/02 02:59:00",32.63687150837989
34,"2023/06/02 03:00:00",32.659217877094974
34,"2023/06/02 03:01:00",32.68156424581006
34,"2023/06/02 03:02:00",32.70391061452514
34,"2023/06/02 03:03:00",32.726256983240226
34,"2023/06/02 03:04:00",32.74860335195531
34,"2023/06/02 03:05:00",32.770949720670394
34,"2023/06/02 03:06:00",32.79329608938548
34,"2023/06/02 03:07:00",32.815642458100555
34,"2023/06/02 03:08:00",32.83798882681564
34,"2023/06/02 03:09:00",32.86033519553072
34,"2023/06/02 03:10:00",32.88268156424581
34,"2023/06/02 03:11:00",32.90502793296089
34,"2023/06/02 03:12:00",32.927374301675975
34,"2023/06/02 03:13:00",32.94972067039106
34,"2023/06/02 03:14:00",32.97206703910614
34,"2023/06/02 03:15:00",32.99441340782123
34,"2023/06/02 03:16:00",33.01675977653631
34,"2023/06/02 03:17:00",33.039106145251395
34,"2023/06/02 03:18:00",33.06145251396648
34,"2023/06/02 03:19:00",33.08379888268156
34,"2023/06/02 03:20:00",33.10614525139665
34,"2023/06/02 03:21:00",33.12849162011173
34,"2023/06/02 03:22:00",33.150837988826815
34,"2023/06/02 03:23:00",33.1731843575419
34,"2023/06/02 03:24:00",33.19553072625698
34,"2023/06/02 03:25:00",33.21787709497207
34,"2023/06/02 03:26:00",33.24022346368715
34,"2023/06/02 03:27:00",33.262569832402235
34,"2023/06/02 03:28:00",33.28491620111732
34,"2023/06/02 03:29:00",33.3072625698324
34,"2023/06/02 03:30:00",33.32960893854749
34,"2023/06/02 03:31:00",33.35195530726257
34,"2023/06/02 03:32:00",33.374301675977655
34,"2023/06/02 03:33:00",33.39664804469274
34,"2023/06/02 03:34:00",33.41899441340782
34,"2023/06/02 03:35:00",33.44134078212291
34,"2023/06/02 03:36:00",33.46368715083799
34,"2023/06/02 03:37:00",33.486033519553075
34,"2023/06/02 03:38:00",33.50837988826816
34,"2023/06/02 03:39:00",33.53072625698324
34,"2023/06/02 03:40:00",33.55307262569833
34,"2023/06/02 03:41:00",33.57541899441341
34,"2023/06/02 03:42:00",33.59776536312849
34,"2023/06/02 03:43:00",33.62011173184358
34,"2023/06/02 03:44:00",33.642458100558656
34,"2023/06/02 03:45:00",33.66480446927374
34,"2023/06/02 03:46:00",33.687150837988824
34,"2023/06/02 03:47:00",33.70949720670391
34,"2023/06/02 03:48:00",33.73184357541899
34,"2023/06/02 03:49:00",33.754189944134076
34,"2023/06/02 03:50:00",33.77653631284916
34,"2023/06/02 03:51:00",33.798882681564244
34,"2023/06/02 03:52:00",33.82122905027933
34,"2023/06/02 03:53:00",33.84357541899441
34,"2023/06/02 03:54:00",33.865921787709496
34,"2023/06/02 03:55:00",33.88826815642458
34,"2023/06/02 03:56:00",33.910614525139664
34,"2023/06/02 03:57:00",33.93296089385475
34,"2023/06/02 03:58:00",33.95530726256983
34,"2023/06/02 03:59:00",33.977653631284916
34,"2023/06/02 04:00:00",34
34,"2023/06/02 04:01:00",34
34,"2023/06/02 04:02:00",34
34,"2023/06/02 04:03:00",34
34,"2023/06/02 04:04:00",34
34,"2023/06/02 04:05:00",34
34,"2023/06/02 04:06:00",34
34,"2023/06/02 04:07:00",34
34,"2023/06/02 04:08:00",34
34,"2023/06/02 04:09:00",34
34,"2023/06/02 04:10:00",34
34,"2023/06/02 04:11:00",34
34,"2023/06/02 04:12:00",34
34,"2023/06/02 04:13:00",34
34,"2023/06/02 04:14:00",34
34,"2023/06/02 04:15:00",34
34,"2023/06/02 04:16:00",34
34,"2023/06/02 04:17:00",34
34,"2023/06/02 04:18:00",34
34,"2023/06/02 04:19:00",34
34,"2023/06/02 04:20:00",34
34,"2023/06/02 04:21:00",34
34,"2023/06/02 04:22:00",34
34,"2023/06/02 04:23:00",34
34,"2023/06/02 04:24:00",34
34,"2023/06/02 04:25:00",34
34,"2023/06/02 04:26:00",34
34,"2023/06/02 04:27:00",34
34,"2023/06/02 04:28:00",34
34,"2023/06/02 04:29:00",34
34,"2023/06/02 04:30:00",34
34,"2023/06/02 04:31:00",34
34,"2023/06/02 04:32:00",34
34,"2023/06/02 04:33:00",34
34,"2023/06/02 04:34:00",34
34,"2023/06/02 04:35:00",34
34,"2023/06/02 04:36:00",34
34,"2023/06/02 04:37:00",34
34,"2023/06/02 04:38:00",34
34,"2023/06/02 04:39:00",34
34,"2023/06/02 04:40:00",34
34,"2023/06/02 04:41:00",34
34,"2023/06/02 04:42:00",34
34,"2023/06/02 04:43:00",34
34,"2023/06/02 04:44:00",34
34,"2023/06/02 04:45:00",34
34,"2023/06/02 04:46:00",34
34,"2023/06/02 04:47:00",34
34,"2023/06/02 04:48:00",34
34,"2023/06/02 04:49:00",34
34,"2023/06/02 04:50:00",34
34,"2023/06/02 04:51:00",34
34,"2023/06/02 04:52:00",34
34,"2023/06/02 04:53:00",34
34,"2023/06/02 04:54:00",34
34,"2023/06/02 04:55:00",34
34,"2023/06/02 04:56:00",34
34,"2023/06/02 04:57:00",34
34,"2023/06/02 04:58:00",34
34,"2023/06/02 04:59:00",34
34,"2023/06/02 05:00:00",34
34,"2023/06/02 05:01:00",34
34,"2023/06/02 05:02:00",34
34,"2023/06/02 05:03:00",34
34,"2023/06/02 05:04:00",34
34,"2023/06/02 05:05:00",34
34,"2023/06/02 05:06:00",34
34,"2023/06/02 05:07:00",34
34,"2023/06/02 05:08:00",34
34,"2023/06/02 05:09:00",34
34,"2023/06/02 05:10:00",34
34,"2023/06/02 05:11:00",34
34,"2023/06/02 05:12:00",34
34,"2023/06/02 05:13:00",34
34,"2023/06/02 05:14:00",34
34,"2023/06/02 05:15:00",34
34,"2023/06/02 05:16:00",34
34,"2023/06/02 05:17:00",34
34,"2023/06/02 05:18:00",34
34,"2023/06/02 05:19:00",34
34,"2023/06/02 05:20:00",34
34,"2023/06/02 05:21:00",34
34,"2023/06/02 05:22:00",34
34,"2023/06/02 05:23:00",34
34,"2023/06/02 05:24:00",34
34,"2023/06/02 05:25:00",34
34,"2023/06/02 05:26:00",34
34,"2023/06/02 05:27:00",34
34,"2023/06/02 05:28:00",34
34,"2023/06/02 05:29:00",34
34,"2023/06/02 05:30:00",34
34,"2023/06/02 05:31:00",34
34,"2023/06/02 05:32:00",34
34,"2023/06/02 05:33:00",34
34,"2023/06/02 05:34:00",34
34,"2023/06/02 05:35:00",34
34,"2023/06/02 05:36:00",34
34,"2023/06/02 05:37:00",34
34,"2023/06/02 05:38:00",34
34,"2023/06/02 05:39:00",34
34,"2023/06/02 05:40:00",34
34,"2023/06/02 05:41:00",34
34,"2023/06/02 05:42:00",34
34,"2023/06/02 05:43:00",34
34,"2023/06/02 05:44:00",34
34,"2023/06/02 05:45:00",34
34,"2023/06/02 05:46:00",34
34,"2023/06/02 05:47:00",34
34,"2023/06/02 05:48:00",34
34,"2023/06/02 05:49:00",34
34,"2023/06/02 05:50:00",34
34,"2023/06/02 05:51:00",34
34,"2023/06/02 05:52:00",34
34,"2023/06/02 05:53:00",34
34,"2023/06/02 05:54:00",34
34,"2023/06/02 05:55:00",34
34,"2023/06/02 05:56:00",34
34,"2023/06/02 05:57:00",34
34,"2023/06/02 05:58:00",34
34,"2023/06/02 05:59:00",34
34,"2023/06/02 06:00:00",34
34,"2023/06/02 06:01:00",34
34,"2023/06/02 06:02:00",34
34,"2023/06/02 06:03:00",34
34,"2023/06/02 06:04:00",34
34,"2023/06/02 06:05:00",34
34,"2023/06/02 06:06:00",34
34,"2023/06/02 06:07:00",34
34,"2023/06/02 06:08:00",34
34,"2023/06/02 06:09:00",34
34,"2023/06/02 06:10:00",34
34,"2023/06/02 06:11:00",34
34,"2023/06/02 06:12:00",34
34,"2023/06/02 06:13:00",34
34,"2023/06/02 06:14:00",34
34,"2023/06/02 06:15:00",34
34,"2023/06/02 06:16:00",34
34,"2023/06/02 06:17:00",34
34,"2023/06/02 06:18:00",34
34,"2023/06/02 06:19:00",34
34,"2023/06/02 06:20:00",34
34,"2023/06/02 06:21:00",34
34,"2023/06/02 06:22:00",34
34,"2023/06/02 06:23:00",34
34,"2023/06/02 06:24:00",34
34,"2023/06/02 06:25:00",34
34,"2023/06/02 06:26:00",34
34,"2023/06/02 06:27:00",34
34,"2023/06/02 06:28:00",34
34,"2023/06/02 06:29:00",34
34,"2023/06/02 06:30:00",34
34,"2023/06/02 06:31:00",34
34,"2023/06/02 06:32:00",34
34,"2023/06/02 06:33:00",34
34,"2023/06/02 06:34:00",34
34,"2023/06/02 06:35:00",34
34,"2023/06/02 06:36:00",34
34,"2023/06/02 06:37:00",34
34,"2023/06/02 06:38:00",34
34,"2023/06/02 06:39:00",34
34,"2023/06/02 06:40:00",34
34,"2023/06/02 06:41:00",34
34,"2023/06/02 06:42:00",34
34,"2023/06/02 06:43:00",34
34,"2023/06/02 06:44:00",34
34,"2023/06/02 06:45:00",34
34,"2023/06/02 06:46:00",34
34,"2023/06/02 06:47:00",34
34,"2023/06/02 06:48:00",34
34,"2023/06/02 06:49:00",34
34,"2023/06/02 06:50:00",34
34,"2023/06/02 06:51:00",34
34,"2023/06/02 06:52:00",34
34,"2023/06/02 06:53:00",34
34,"2023/06/02 06:54:00",34
34,"2023/06/02 06:55:00",34
34,"2023/06/02 06:56:00",34
34,"2023/06/02 06:57:00",34
34,"2023/06/02 06:58:00",34
34,"2023/06/02 06:59:00",34
34,"2023/06/02 07:00:00",34
34,"2023/06/02 07:01:00",34
34,"2023/06/02 07:02:00",33.932203389830505
34,"2023/06/02 07:03:00",33.86440677966102
34,"2023/06/02 07:04:00",33.79661016949152
34,"2023/06/02 07:05:00",33.728813559322035
34,"2023/06/02 07:06:00",33.66101694915254
34,"2023/06/02 07:07:00",33.59322033898305
34,"2023/06/02 07:08:00",33.52542372881356
34,"2023/06/02 07:09:00",33.45762711864407
34,"2023/06/02 07:10:00",33.389830508474574
34,"2023/06/02 07:11:00",33.32203389830509
34,"2023/06/02 07:12:00",33.25423728813559
34,"2023/06/02 07:13:00",33.186440677966104
34,"2023/06/02 07:14:00",33.11864406779661
34,"2023/06/02 07:15:00",33.05084745762712
34,"2023/06/02 07:16:00",32.983050847457626
34,"2023/06/02 07:17:00",32.91525423728814
34,"2023/06/02 07:18:00",32.847457627118644
34,"2023/06/02 07:19:00",32.779661016949156
34,"2023/06/02 07:20:00",32.71186440677966
34,"2023/06/02 07:21:00",32.64406779661017
34,"2023/06/02 07:22:00",32.57627118644068
34,"2023/06/02 07:23:00",32.50847457627118
34,"2023/06/02 07:24:00",32.440677966101696
34,"2023/06/02 07:25:00",32.3728813559322
34,"2023/06/02 07:26:00",32.30508474576271
34,"2023/06/02 07:27:00",32.23728813559322
34,"2023/06/02 07:28:00",32.16949152542373
34,"2023/06/02 07:29:00",32.101694915254235
34,"2023/06/02 07:30:00",32.03389830508475
34,"2023/06/02 07:31:00",31.966101694915253
34,"2023/06/02 07:32:00",31.89830508474576
34,"2023/06/02 07:33:00",31.83050847457627
34,"2023/06/02 07:34:00",31.76271186440678
34,"2023/06/02 07:35:00",31.694915254237287
34,"2023/06/02 07:36:00",31.627118644067796
34,"2023/06/02 07:37:00",31.559322033898304
34,"2023/06/02 07:38:00",31.491525423728813
34,"2023/06/02 07:39:00",31.423728813559322
34,"2023/06/02 07:40:00",31.35593220338983
34,"2023/06/02 07:41:00",31.28813559322034
34,"2023/06/02 07:42:00",31.220338983050848
34,"2023/06/02 07:43:00",31.152542372881356
34,"2023/06/02 07:44:00",31.084745762711865
34,"2023/06/02 07:45:00",31.016949152542374
34,"2023/06/02 07:46:00",30.949152542372882
34,"2023/06/02 07:47:00",30.88135593220339
34,"2023/06/02 07:48:00",30.8135593220339
34,"2023/06/02 07:49:00",30.74576271186441
34,"2023/06/02 07:50:00",30.677966101694913
34,"2023/06/02 07:51:00",30.610169491525426
34,"2023/06/02 07:52:00",30.54237288135593
34,"2023/06/02 07:53:00",30.47457627118644
34,"2023/06/02 07:54:00",30.406779661016948
34,"2023/06/02 07:55:00",30.338983050847457
34,"2023/06/02 07:56:00",30.271186440677965
34,"2023/06/02 07:57:00",30.203389830508474
34,"2023/06/02 07:58:00",30.135593220338983
34,"2023/06/02 07:59:00",30.06779661016949
34,"2023/06/02 08:00:00",30
34,"2023/06/02 08:01:00",30
34,"2023/06/02 08:02:00",30
34,"2023/06/02 08:03:00",30
34,"2023/06/02 08:04:00",30
34,"2023/06/02 08:05:00",30
34,"2023/06/02 08:06:00",30
34,"2023/06/02 08:07:00",30
34,"2023/06/02 08:08:00",30
34,"2023/06/02 08:09:00",30
34,"2023/06/02 08:10:00",30
34,"2023/06/02 08:11:00",30
34,"2023/06/02 08:12:00",30
34,"2023/06/02 08:13:00",30
34,"2023/06/02 08:14:00",30
34,"2023/06/02 08:15:00",30
34,"2023/06/02 08:16:00",30
34,"2023/06/02 08:17:00",30
34,"2023/06/02 08:18:00",30
34,"2023/06/02 08:19:00",30
34,"2023/06/02 08:20:00",30
34,"2023/06/02 08:21:00",30
34,"2023/06/02 08:22:00",30
34,"2023/06/02 08:23:00",30
34,"2023/06/02 08:24:00",30
34,"2023/06/02 08:25:00",30
34,"2023/06/02 08:26:00",30
34,"2023/06/02 08:27:00",30
34,"2023/06/02 08:28:00",30
34,"2023/06/02 08:29:00",30
34,"2023/06/02 08:30:00",30
34,"2023/06/02 08:31:00",30
34,"2023/06/02 08:32:00",30
34,"2023/06/02 08:33:00",30
34,"2023/06/02 08:34:00",30
34,"2023/06/02 08:35:00",30
34,"2023/06/02 08:36:00",30
34,"2023/06/02 08:37:00",30
34,"2023/06/02 08:38:00",30
34,"2023/06/02 08:39:00",30
34,"2023/06/02 08:40:00",30
34,"2023/06/02 08:41:00",30
34,"2023/06/02 08:42:00",30
34,"2023/06/02 08:43:00",30
34,"2023/06/02 08:44:00",30
34,"2023/06/02 08:45:00",30
34,"2023/06/02 08:46:00",30
34,"2023/06/02 08:47:00",30
34,"2023/06/02 08:48:00",30
34,"2023/06/02 08:49:00",30
34,"2023/06/02 08:50:00",30
34,"2023/06/02 08:51:00",30
34,"2023/06/02 08:52:00",30
34,"2023/06/02 08:53:00",30
34,"2023/06/02 08:54:00",30
34,"2023/06/02 08:55:00",30
34,"2023/06/02 08:56:00",30
34,"2023/06/02 08:57:00",30
34,"2023/06/02 08:58:00",30
34,"2023/06/02 08:59:00",30
34,"2023/06/02 09:00:00",30
37,"2023/06/02 00:00:00",30
37,"2023/06/02 00:01:00",30
37,"2023/06/02 00:02:00",30
37,"2023/06/02 00:03:00",30
37,"2023/06/02 00:04:00",30
37,"2023/06/02 00:05:00",30
37,"2023/06/02 00:06:00",30
37,"2023/06/02 00:07:00",30
37,"2023/06/02 00:08:00",30
37,"2023/06/02 00:09:00",30
37,"2023/06/02 00:10:00",30
37,"2023/06/02 00:11:00",30
37,"2023/06/02 00:12:00",30
37,"2023/06/02 00:13:00",30
37,"2023/06/02 00:14:00",30
37,"2023/06/02 00:15:00",30
37,"2023/06/02 00:16:00",30
37,"2023/06/02 00:17:00",30
37,"2023/06/02 00:18:00",30
37,"2023/06/02 00:19:00",30
37,"2023/06/02 00:20:00",30
37,"2023/06/02 00:21:00",30
37,"2023/06/02 00:22:00",30
37,"2023/06/02 00:23:00",30
37,"2023/06/02 00:24:00",30
37,"2023/06/02 00:25:00",30
37,"2023/06/02 00:26:00",30
37,"2023/06/02 00:27:00",30
37,"2023/06/02 00:28:00",30
37,"2023/06/02 00:29:00",30
37,"2023/06/02 00:30:00",30
37,"2023/06/02 00:31:00",30
37,"2023/06/02 00:32:00",30
37,"2023/06/02 00:33:00",30
37,"2023/06/02 00:34:00",30
37,"2023/06/02 00:35:00",30
37,"2023/06/02 00:36:00",30
37,"2023/06/02 00:37:00",30
37,"2023/06/02 00:38:00",30
37,"2023/06/02 00:39:00",30
37,"2023/06/02 00:40:00",30
37,"2023/06/02 00:41:00",30
37,"2023/06/02 00:42:00",30
37,"2023/06/02 00:43:00",30
37,"2023/06/02 00:44:00",30
37,"2023/06/02 00:45:00",30
37,"2023/06/02 00:46:00",30
37,"2023/06/02 00:47:00",30
37,"2023/06/02 00:48:00",30
37,"2023/06/02 00:49:00",30
37,"2023/06/02 00:50:00",30
37,"2023/06/02 00:51:00",30
37,"2023/06/02 00:52:00",30
37,"2023/06/02 00:53:00",30
37,"2023/06/02 00:54:00",30
37,"2023/06/02 00:55:00",30
37,"2023/06/02 00:56:00",30
37,"2023/06/02 00:57:00",30
37,"2023/06/02 00:58:00",30
37,"2023/06/02 00:59:00",30
37,"2023/06/02 01:00:00",30
37,"2023/06/02 01:01:00",30
37,"2023/06/02 01:02:00",30.039106145251395
37,"2023/06/02 01:03:00",30.078212290502794
37,"2023/06/02 01:04:00",30.11731843575419
37,"2023/06/02 01:05:00",30.156424581005588
37,"2023/06/02 01:06:00",30.195530726256983
37,"2023/06/02 01:07:00",30.23463687150838
37,"2023/06/02 01:08:00",30.273743016759777
37,"2023/06/02 01:09:00",30.312849162011172
37,"2023/06/02 01:10:00",30.35195530726257
37,"2023/06/02 01:11:00",30.391061452513966
37,"2023/06/02 01:12:00",30.43016759776536
37,"2023/06/02 01:13:00",30.46927374301676
37,"2023/06/02 01:14:00",30.508379888268156
37,"2023/06/02 01:15:00",30.547486033519554
37,"2023/06/02 01:16:00",30.58659217877095
37,"2023/06/02 01:17:00",30.625698324022345
37,"2023/06/02 01:18:00",30.664804469273744
37,"2023/06/02 01:19:00",30.70391061452514
37,"2023/06/02 01:20:00",30.743016759776538
37,"2023/06/02 01:21:00",30.782122905027933
37,"2023/06/02 01:22:00",30.821229050279328
37,"2023/06/02 01:23:00",30.860335195530727
37,"2023/06/02 01:24:00",30.899441340782122
37,"2023/06/02 01:25:00",30.93854748603352
37,"2023/06/02 01:26:00",30.977653631284916
37,"2023/06/02 01:27:00",31.01675977653631
37,"2023/06/02 01:28:00",31.05586592178771
37,"2023/06/02 01:29:00",31.094972067039105
37,"2023/06/02 01:30:00",31.134078212290504
37,"2023/06/02 01:31:00",31.1731843575419
37,"2023/06/02 01:32:00",31.212290502793294
37,"2023/06/02 01:33:00",31.251396648044693
37,"2023/06/02 01:34:00",31.29050279329609
37,"2023/06/02 01:35:00",31.329608938547487
37,"2023/06/02 01:36:00",31.368715083798882
37,"2023/06/02 01:37:00",31.407821229050278
37,"2023/06/02 01:38:00",31.446927374301676
37,"2023/06/02 01:39:00",31.48603351955307
37,"2023/06/02 01:40:00",31.52513966480447
37,"2023/06/02 01:41:00",31.564245810055866
37,"2023/06/02 01:42:00",31.60335195530726
37,"2023/06/02 01:43:00",31.64245810055866
37,"2023/06/02 01:44:00",31.681564245810055
37,"2023/06/02 01:45:00",31.720670391061454
37,"2023/06/02 01:46:00",31.75977653631285
37,"2023/06/02 01:47:00",31.798882681564244
37,"2023/06/02 01:48:00",31.837988826815643
37,"2023/06/02 01:49:00",31.877094972067038
37,"2023/06/02 01:50:00",31.916201117318437
37,"2023/06/02 01:51:00",31.955307262569832
37,"2023/06/02 01:52:00",31.994413407821227
37,"2023/06/02 01:53:00",32.03351955307262
37,"2023/06/02 01:54:00",32.072625698324025
37,"2023/06/02 01:55:00",32.11173184357542
37,"2023/06/02 01:56:00",32.150837988826815
37,"2023/06/02 01:57:00",32.18994413407821
37,"2023/06/02 01:58:00",32.229050279329606
37,"2023/06/02 01:59:00",32.26815642458101
37,"2023/06/02 02:00:00",32.3072625698324
37,"2023/06/02 02:01:00",32.3463687150838
37,"2023/06/02 02:02:00",32.385474860335194
37,"2023/06/02 02:03:00",32.42458100558659
37,"2023/06/02 02:04:00",32.46368715083799
37,"2023/06/02 02:05:00",32.502793296089386
37,"2023/06/02 02:06:00",32.54189944134078
37,"2023/06/02 02:07:00",32.58100558659218
37,"2023/06/02 02:08:00",32.62011173184358
37,"2023/06/02 02:09:00",32.659217877094974
37,"2023/06/02 02:10:00",32.69832402234637
37,"2023/06/02 02:11:00",32.737430167597765
37,"2023/06/02 02:12:00",32.77653631284916
37,"2023/06/02 02:13:00",32.815642458100555
37,"2023/06/02 02:14:00",32.85474860335196
37,"2023/06/02 02:15:00",32.89385474860335
37,"2023/06/02 02:16:00",32.93296089385475
37,"2023/06/02 02:17:00",32.97206703910614
37,"2023/06/02 02:18:00",33.011173184357546
37,"2023/06/02 02:19:00",33.05027932960894
37,"2023/06/02 02:20:00",33.089385474860336
37,"2023/06/02 02:21:00",33.12849162011173
37,"2023/06/02 02:22:00",33.167597765363126
37,"2023/06/02 02:23:00",33.20670391061452
37,"2023/06/02 02:24:00",33.245810055865924
37,"2023/06/02 02:25:00",33.28491620111732
37,"2023/06/02 02:26:00",33.324022346368714
37,"2023/06/02 02:27:00",33.36312849162011
37,"2023/06/02 02:28:00",33.40223463687151
37,"2023/06/02 02:29:00",33.44134078212291
37,"2023/06/02 02:30:00",33.4804469273743
37,"2023/06/02 02:31:00",33.5195530726257
37,"2023/06/02 02:32:00",33.55865921787709
37,"2023/06/02 02:33:00",33.59776536312849
37,"2023/06/02 02:34:00",33.63687150837989
37,"2023/06/02 02:35:00",33.675977653631286
37,"2023/06/02 02:36:00",33.71508379888268
37,"2023/06/02 02:37:00",33.754189944134076
37,"2023/06/02 02:38:00",33.79329608938548
37,"2023/06/02 02:39:00",33.832402234636874
37,"2023/06/02 02:40:00",33.87150837988827
37,"2023/06/02 02:41:00",33.910614525139664
37,"2023/06/02 02:42:00",33.94972067039106
37,"2023/06/02 02:43:00",33.988826815642454
37,"2023/06/02 02:44:00",34.02793296089386
37,"2023/06/02 02:45:00",34.06703910614525
37,"2023/06/02 02:46:00",34.10614525139665
37,"2023/06/02 02:47:00",34.14525139664804
37,"2023/06/02 02:48:00",34.184357541899445
37,"2023/06/02 02:49:00",34.22346368715084
37,"2023/06/02 02:50:00",34.262569832402235
37,"2023/06/02 02:51:00",34.30167597765363
37,"2023/06/02 02:52:00",34.340782122905026
37,"2023/06/02 02:53:00",34.37988826815642
37,"2023/06/02 02:54:00",34.41899441340782
37,"2023/06/02 02:55:00",34.45810055865922
37,"2023/06/02 02:56:00",34.497206703910614
37,"2023/06/02 02:57:00",34.53631284916201
37,"2023/06/02 02:58:00",34.57541899441341
37,"2023/06/02 02:59:00",34.614525139664806
37,"2023/06/02 03:00:00",34.6536312849162
37,"2023/06/02 03:01:00",34.6927374301676
37,"2023/06/02 03:02:00",34.73184357541899
37,"2023/06/02 03:03:00",34.77094972067039
37,"2023/06/02 03:04:00",34.81005586592179
37,"2023/06/02 03:05:00",34.849162011173185
37,"2023/06/02 03:06:00",34.88826815642458
37,"2023/06/02 03:07:00",34.927374301675975
37,"2023/06/02 03:08:00",34.96648044692738
37,"2023/06/02 03:09:00",35.00558659217877
37,"2023/06/02 03:10:00",35.04469273743017
37,"2023/06/02 03:11:00",35.08379888268156
37,"2023/06/02 03:12:00",35.12290502793296
37,"2023/06/02 03:13:00",35.162011173184354
37,"2023/06/02 03:14:00",35.201117318435756
37,"2023/06/02 03:15:00",35.24022346368715
37,"2023/06/02 03:16:00",35.279329608938546
37,"2023/06/02 03:17:00",35.31843575418994
37,"2023/06/02 03:18:00",35.357541899441344
37,"2023/06/02 03:19:00",35.39664804469274
37,"2023/06/02 03:20:00",35.435754189944134
37,"2023/06/02 03:21:00",35.47486033519553
37,"2023/06/02 03:22:00",35.513966480446925
37,"2023/06/02 03:23:00",35.55307262569833
37,"2023/06/02 03:24:00",35.59217877094972
37,"2023/06/02 03:25:00",35.63128491620112
37,"2023/06/02 03:26:00",35.67039106145251
37,"2023/06/02 03:27:00",35.70949720670391
37,"2023/06/02 03:28:00",35.74860335195531
37,"2023/06/02 03:29:00",35.787709497206706
37,"2023/06/02 03:30:00",35.8268156424581
37,"2023/06/02 03:31:00",35.865921787709496
37,"2023/06/02 03:32:00",35.90502793296089
37,"2023/06/02 03:33:00",35.944134078212294
37,"2023/06/02 03:34:00",35.98324022346369
37,"2023/06/02 03:35:00",36.022346368715084
37,"2023/06/02 03:36:00",36.06145251396648
37,"2023/06/02 03:37:00",36.100558659217874
37,"2023/06/02 03:38:00",36.13966480446928
37,"2023/06/02 03:39:00",36.17877094972067
37,"2023/06/02 03:40:00",36.21787709497207
37,"2023/06/02 03:41:00",36.25698324022346
37,"2023/06/02 03:42:00",36.29608938547486
37,"2023/06/02 03:43:00",36.33519553072626
37,"2023/06/02 03:44:00",36.374301675977655
37,"2023/06/02 03:45:00",36.41340782122905
37,"2023/06/02 03:46:00",36.452513966480446
37,"2023/06/02 03:47:00",36.49162011173184
37,"2023/06/02 03:48:00",36.53072625698324
37,"2023/06/02 03:49:00",36.56983240223464
37,"2023/06/02 03:50:00",36.608938547486034
37,"2023/06/02 03:51:00",36.64804469273743
37,"2023/06/02 03:52:00",36.687150837988824
37,"2023/06/02 03:53:00",36.726256983240226
37,"2023/06/02 03:54:00",36.76536312849162
37,"2023/06/02 03:55:00",36.80446927374302
37,"2023/06/02 03:56:00",36.84357541899441
37,"2023/06/02 03:57:00",36.88268156424581
37,"2023/06/02 03:58:00",36.92178770949721
37,"2023/06/02 03:59:00",36.960893854748605
37,"2023/06/02 04:00:00",37
37,"2023/06/02 04:01:00",37
37,"2023/06/02 04:02:00",37
37,"2023/06/02 04:03:00",37
37,"2023/06/02 04:04:00",37
37,"2023/06/02 04:05:00",37
37,"2023/06/02 04:06:00",37
37,"2023/06/02 04:07:00",37
37,"2023/06/02 04:08:00",37
37,"2023/06/02 04:09:00",37
37,"2023/06/02 04:10:00",37
37,"2023/06/02 04:11:00",37
37,"2023/06/02 04:12:00",37
37,"2023/06/02 04:13:00",37
37,"2023/06/02 04:14:00",37
37,"2023/06/02 04:15:00",37
37,"2023/06/02 04:16:00",37
37,"2023/06/02 04:17:00",37
37,"2023/06/02 04:18:00",37
37,"2023/06/02 04:19:00",37
37,"2023/06/02 04:20:00",37
37,"2023/06/02 04:21:00",37
37,"2023/06/02 04:22:00",37
37,"2023/06/02 04:23:00",37
37,"2023/06/02 04:24:00",37
37,"2023/06/02 04:25:00",37
37,"2023/06/02 04:26:00",37
37,"2023/06/02 04:27:00",37
37,"2023/06/02 04:28:00",37
37,"2023/06/02 04:29:00",37
37,"2023/06/02 04:30:00",37
37,"2023/06/02 04:31:00",37
37,"2023/06/02 04:32:00",37
37,"2023/06/02 04:33:00",37
37,"2023/06/02 04:34:00",37
37,"2023/06/02 04:35:00",37
37,"2023/06/02 04:36:00",37
37,"2023/06/02 04:37:00",37
37,"2023/06/02 04:38:00",37
37,"2023/06/02 04:39:00",37
37,"2023/06/02 04:40:00",37
37,"2023/06/02 04:41:00",37
37,"2023/06/02 04:42:00",37
37,"2023/06/02 04:43:00",37
37,"2023/06/02 04:44:00",37
37,"2023/06/02 04:45:00",37
37,"2023/06/02 04:46:00",37
37,"2023/06/02 04:47:00",37
37,"2023/06/02 04:48:00",37
37,"2023/06/02 04:49:00",37
37,"2023/06/02 04:50:00",37
37,"2023/06/02 04:51:00",37
37,"2023/06/02 04:52:00",37
37,"2023/06/02 04:53:00",37
37,"2023/06/02 04:54:00",37
37,"2023/06/02 04:55:00",37
37,"2023/06/02 04:56:00",37
37,"2023/06/02 04:57:00",37
37,"2023/06/02 04:58:00",37
37,"2023/06/02 04:59:00",37
37,"2023/06/02 05:00:00",37
37,"2023/06/02 05:01:00",37
37,"2023/06/02 05:02:00",37
37,"2023/06/02 05:03:00",37
37,"2023/06/02 05:04:00",37
37,"2023/06/02 05:05:00",37
37,"2023/06/02 05:06:00",37
37,"2023/06/02 05:07:00",37
37,"2023/06/02 05:08:00",37
37,"2023/06/02 05:09:00",37
37,"2023/06/02 05:10:00",37
37,"2023/06/02 05:11:00",37
37,"2023/06/02 05:12:00",37
37,"2023/06/02 05:13:00",37
37,"2023/06/02 05:14:00",37
37,"2023/06/02 05:15:00",37
37,"2023/06/02 05:16:00",37
37,"2023/06/02 05:17:00",37
37,"2023/06/02 05:18:00",37
37,"2023/06/02 05:19:00",37
37,"2023/06/02 05:20:00",37
37,"2023/06/02 05:21:00",37
37,"2023/06/02 05:22:00",37
37,"2023/06/02 05:23:00",37
37,"2023/06/02 05:24:00",37
37,"2023/06/02 05:25:00",37
37,"2023/06/02 05:26:00",37
37,"2023/06/02 05:27:00",37
37,"2023/06/02 05:28:00",37
37,"2023/06/02 05:29:00",37
37,"2023/06/02 05:30:00",37
37,"2023/06/02 05:31:00",37
37,"2023/06/02 05:32:00",37
37,"2023/06/02 05:33:00",37
37,"2023/06/02 05:34:00",37
37,"2023/06/02 05:35:00",37
37,"2023/06/02 05:36:00",37
37,"2023/06/02 05:37:00",37
37,"2023/06/02 05:38:00",37
37,"2023/06/02 05:39:00",37
37,"2023/06/02 05:40:00",37
37,"2023/06/02 05:41:00",37
37,"2023/06/02 05:42:00",37
37,"2023/06/02 05:43:00",37
37,"2023/06/02 05:44:00",37
37,"2023/06/02 05:45:00",37
37,"2023/06/02 05:46:00",37
37,"2023/06/02 05:47:00",37
37,"2023/06/02 05:48:00",37
37,"2023/06/02 05:49:00",37
37,"2023/06/02 05:50:00",37
37,"2023/06/02 05:51:00",37
37,"2023/06/02 05:52:00",37
37,"2023/06/02 05:53:00",37
37,"2023/06/02 05:54:00",37
37,"2023/06/02 05:55:00",37
37,"2023/06/02 05:56:00",37
37,"2023/06/02 05:57:00",37
37,"2023/06/02 05:58:00",37
37,"2023/06/02 05:59:00",37
37,"2023/06/02 06:00:00",37
37,"2023/06/02 06:01:00",37
37,"2023/06/02 06:02:00",37
37,"2023/06/02 06:03:00",37
37,"2023/06/02 06:04:00",37
37,"2023/06/02 06:05:00",37
37,"2023/06/02 06:06:00",37
37,"2023/06/02 06:07:00",37
37,"2023/06/02 06:08:00",37
37,"2023/06/02 06:09:00",37
37,"2023/06/02 06:10:00",37
37,"2023/06/02 06:11:00",37
37,"2023/06/02 06:12:00",37
37,"2023/06/02 06:13:00",37
37,"2023/06/02 06:14:00",37
37,"2023/06/02 06:15:00",37
37,"2023/06/02 06:16:00",37
37,"2023/06/02 06:17:00",37
37,"2023/06/02 06:18:00",37
37,"2023/06/02 06:19:00",37
37,"2023/06/02 06:20:00",37
37,"2023/06/02 06:21:00",37
37,"2023/06/02 06:22:00",37
37,"2023/06/02 06:23:00",37
37,"2023/06/02 06:24:00",37
37,"2023/06/02 06:25:00",37
37,"2023/06/02 06:26:00",37
37,"2023/06/02 06:27:00",37
37,"2023/06/02 06:28:00",37
37,"2023/06/02 06:29:00",37
37,"2023/06/02 06:30:00",37
37,"2023/06/02 06:31:00",37
37,"2023/06/02 06:32:00",37
37,"2023/06/02 06:33:00",37
37,"2023/06/02 06:34:00",37
37,"2023/06/02 06:35:00",37
37,"2023/06/02 06:36:00",37
37,"2023/06/02 06:37:00",37
37,"2023/06/02 06:38:00",37
37,"2023/06/02 06:39:00",37
37,"2023/06/02 06:40:00",37
37,"2023/06/02 06:41:00",37
37,"2023/06/02 06:42:00",37
37,"2023/06/02 06:43:00",37
37,"2023/06/02 06:44:00",37
37,"2023/06/02 06:45:00",37
37,"2023/06/02 06:46:00",37
37,"2023/06/02 06:47:00",37
37,"2023/06/02 06:48:00",37
37,"2023/06/02 06:49:00",37
37,"2023/06/02 06:50:00",37
37,"2023/06/02 06:51:00",37
37,"2023/06/02 06:52:00",37
37,"2023/06/02 06:53:00",37
37,"2023/06/02 06:54:00",37
37,"2023/06/02 06:55:00",37
37,"2023/06/02 06:56:00",37
37,"2023/06/02 06:57:00",37
37,"2023/06/02 06:58:00",37
37,"2023/06/02 06:59:00",37
37,"2023/06/02 07:00:00",37
37,"2023/06/02 07:01:00",37
37,"2023/06/02 07:02:00",36.88135593220339
37,"2023/06/02 07:03:00",36.76271186440678
37,"2023/06/02 07:04:00",36.644067796610166
37,"2023/06/02 07:05:00",36.52542372881356
37,"2023/06/02 07:06:00",36.40677966101695
37,"2023/06/02 07:07:00",36.28813559322034
37,"2023/06/02 07:08:00",36.16949152542373
37,"2023/06/02 07:09:00",36.05084745762712
37,"2023/06/02 07:10:00",35.932203389830505
37,"2023/06/02 07:11:00",35.813559322033896
37,"2023/06/02 07:12:00",35.69491525423729
37,"2023/06/02 07:13:00",35.57627118644068
37,"2023/06/02 07:14:00",35.45762711864407
37,"2023/06/02 07:15:00",35.33898305084746
37,"2023/06/02 07:16:00",35.220338983050844
37,"2023/06/02 07:17:00",35.101694915254235
37,"2023/06/02 07:18:00",34.983050847457626
37,"2023/06/02 07:19:00",34.86440677966102
37,"2023/06/02 07:20:00",34.74576271186441
37,"2023/06/02 07:21:00",34.6271186440678
37,"2023/06/02 07:22:00",34.50847457627118
37,"2023/06/02 07:23:00",34.389830508474574
37,"2023/06/02 07:24:00",34.271186440677965
37,"2023/06/02 07:25:00",34.152542372881356
37,"2023/06/02 07:26:00",34.03389830508475
37,"2023/06/02 07:27:00",33.91525423728814
37,"2023/06/02 07:28:00",33.79661016949152
37,"2023/06/02 07:29:00",33.67796610169491
37,"2023/06/02 07:30:00",33.559322033898304
37,"2023/06/02 07:31:00",33.440677966101696
37,"2023/06/02 07:32:00",33.32203389830509
37,"2023/06/02 07:33:00",33.20338983050848
37,"2023/06/02 07:34:00",33.08474576271186
37,"2023/06/02 07:35:00",32.96610169491525
37,"2023/06/02 07:36:00",32.847457627118644
37,"2023/06/02 07:37:00",32.728813559322035
37,"2023/06/02 07:38:00",32.610169491525426
37,"2023/06/02 07:39:00",32.49152542372882
37,"2023/06/02 07:40:00",32.3728813559322
37,"2023/06/02 07:41:00",32.25423728813559
37,"2023/06/02 07:42:00",32.13559322033898
37,"2023/06/02 07:43:00",32.016949152542374
37,"2023/06/02 07:44:00",31.898305084745765
37,"2023/06/02 07:45:00",31.779661016949152
37,"2023/06/02 07:46:00",31.661016949152543
37,"2023/06/02 07:47:00",31.54237288135593
37,"2023/06/02 07:48:00",31.423728813559322
37,"2023/06/02 07:49:00",31.305084745762713
37,"2023/06/02 07:50:00",31.1864406779661
37,"2023/06/02 07:51:00",31.06779661016949
37,"2023/06/02 07:52:00",30.949152542372882
37,"2023/06/02 07:53:00",30.83050847457627
37,"2023/06/02 07:54:00",30.71186440677966
37,"2023/06/02 07:55:00",30.593220338983052
37,"2023/06/02 07:56:00",30.47457627118644
37,"2023/06/02 07:57:00",30.35593220338983
37,"2023/06/02 07:58:00",30.23728813559322
37,"2023/06/02 07:59:00",30.11864406779661
37,"2023/06/02 08:00:00",30
37,"2023/06/02 08:01:00",30
37,"2023/06/02 08:02:00",30
37,"2023/06/02 08:03:00",30
37,"2023/06/02 08:04:00",30
37,"2023/06/02 08:05:00",30
37,"2023/06/02 08:06:00",30
37,"2023/06/02 08:07:00",30
37,"2023/06/02 08:08:00",30
37,"2023/06/02 08:09:00",30
37,"2023/06/02 08:10:00",30
37,"2023/06/02 08:11:00",30
37,"2023/06/02 08:12:00",30
37,"2023/06/02 08:13:00",30
37,"2023/06/02 08:14:00",30
37,"2023/06/02 08:15:00",30
37,"2023/06/02 08:16:00",30
37,"2023/06/02 08:17:00",30
37,"2023/06/02 08:18:00",30
37,"2023/06/02 08:19:00",30
37,"2023/06/02 08:20:00",30
37,"2023/06/02 08:21:00",30
37,"2023/06/02 08:22:00",30
37,"2023/06/02 08:23:00",30
37,"2023/06/02 08:24:00",30
37,"2023/06/02 08:25:00",30
37,"2023/06/02 08:26:00",30
37,"2023/06/02 08:27:00",30
37,"2023/06/02 08:28:00",30
37,"2023/06/02 08:29:00",30
37,"2023/06/02 08:30:00",30
37,"2023/06/02 08:31:00",30
37,"2023/06/02 08:32:00",30
37,"2023/06/02 08:33:00",30
37,"2023/06/02 08:34:00",30
37,"2023/06/02 08:35:00",30
37,"2023/06/02 08:36:00",30
37,"2023/06/02 08:37:00",30
37,"2023/06/02 08:38:00",30
37,"2023/06/02 08:39:00",30
37,"2023/06/02 08:40:00",30
37,"2023/06/02 08:41:00",30
37,"2023/06/02 08:42:00",30
37,"2023/06/02 08:43:00",30
37,"2023/06/02 08:44:00",30
37,"2023/06/02 08:45:00",30
37,"2023/06/02 08:46:00",30
37,"2023/06/02 08:47:00",30
37,"2023/06/02 08:48:00",30
37,"2023/06/02 08:49:00",30
37,"2023/06/02 08:50:00",30
37,"2023/06/02 08:51:00",30
37,"2023/06/02 08:52:00",30
37,"2023/06/02 08:53:00",30
37,"2023/06/02 08:54:00",30
37,"2023/06/02 08:55:00",30
37,"2023/06/02 08:56:00",30
37,"2023/06/02 08:57:00",30
37,"2023/06/02 08:58:00",30
37,"2023/06/02 08:59:00",30
37,"2023/06/02 09:00:00",30
39,"2023/06/02 00:00:00",30
39,"2023/06/02 00:01:00",30
39,"2023/06/02 00:02:00",30
39,"2023/06/02 00:03:00",30
39,"2023/06/02 00:04:00",30
39,"2023/06/02 00:05:00",30
39,"2023/06/02 00:06:00",30
39,"2023/06/02 00:07:00",30
39,"2023/06/02 00:08:00",30
39,"2023/06/02 00:09:00",30
39,"2023/06/02 00:10:00",30
39,"2023/06/02 00:11:00",30
39,"2023/06/02 00:12:00",30
39,"2023/06/02 00:13:00",30
39,"2023/06/02 00:14:00",30
39,"2023/06/02 00:15:00",30
39,"2023/06/02 00:16:00",30
39,"2023/06/02 00:17:00",30
39,"2023/06/02 00:18:00",30
39,"2023/06/02 00:19:00",30
39,"2023/06/02 00:20:00",30
39,"2023/06/02 00:21:00",30
39,"2023/06/02 00:22:00",30
39,"2023/06/02 00:23:00",30
39,"2023/06/02 00:24:00",30
39,"2023/06/02 00:25:00",30
39,"2023/06/02 00:26:00",30
39,"2023/06/02 00:27:00",30
39,"2023/06/02 00:28:00",30
39,"2023/06/02 00:29:00",30
39,"2023/06/02 00:30:00",30
39,"2023/06/02 00:31:00",30
39,"2023/06/02 00:32:00",30
39,"2023/06/02 00:33:00",30
39,"2023/06/02 00:34:00",30
39,"2023/06/02 00:35:00",30
39,"2023/06/02 00:36:00",30
39,"2023/06/02 00:37:00",30
39,"2023/06/02 00:38:00",30
39,"2023/06/02 00:39:00",30
39,"2023/06/02 00:40:00",30
39,"2023/06/02 00:41:00",30
39,"2023/06/02 00:42:00",30
39,"2023/06/02 00:43:00",30
39,"2023/06/02 00:44:00",30
39,"2023/06/02 00:45:00",30
39,"2023/06/02 00:46:00",30
39,"2023/06/02 00:47:00",30
39,"2023/06/02 00:48:00",30
39,"2023/06/02 00:49:00",30
39,"2023/06/02 00:50:00",30
39,"2023/06/02 00:51:00",30
39,"2023/06/02 00:52:00",30
39,"2023/06/02 00:53:00",30
39,"2023/06/02 00:54:00",30
39,"2023/06/02 00:55:00",30
39,"2023/06/02 00:56:00",30
39,"2023/06/02 00:57:00",30
39,"2023/06/02 00:58:00",30
39,"2023/06/02 00:59:00",30
39,"2023/06/02 01:00:00",30
39,"2023/06/02 01:01:00",30
39,"2023/06/02 01:02:00",30.050279329608937
39,"2023/06/02 01:03:00",30.100558659217878
39,"2023/06/02 01:04:00",30.150837988826815
39,"2023/06/02 01:05:00",30.201117318435756
39,"2023/06/02 01:06:00",30.251396648044693
39,"2023/06/02 01:07:00",30.30167597765363
39,"2023/06/02 01:08:00",30.35195530726257
39,"2023/06/02 01:09:00",30.40223463687151
39,"2023/06/02 01:10:00",30.452513966480446
39,"2023/06/02 01:11:00",30.502793296089386
39,"2023/06/02 01:12:00",30.553072625698324
39,"2023/06/02 01:13:00",30.60335195530726
39,"2023/06/02 01:14:00",30.6536312849162
39,"2023/06/02 01:15:00",30.70391061452514
39,"2023/06/02 01:16:00",30.75418994413408
39,"2023/06/02 01:17:00",30.804469273743017
39,"2023/06/02 01:18:00",30.854748603351954
39,"2023/06/02 01:19:00",30.905027932960895
39,"2023/06/02 01:20:00",30.955307262569832
39,"2023/06/02 01:21:00",31.005586592178773
39,"2023/06/02 01:22:00",31.05586592178771
39,"2023/06/02 01:23:00",31.106145251396647
39,"2023/06/02 01:24:00",31.156424581005588
39,"2023/06/02 01:25:00",31.206703910614525
39,"2023/06/02 01:26:00",31.256983240223462
39,"2023/06/02 01:27:00",31.307262569832403
39,"2023/06/02 01:28:00",31.35754189944134
39,"2023/06/02 01:29:00",31.407821229050278
39,"2023/06/02 01:30:00",31.45810055865922
39,"2023/06/02 01:31:00",31.508379888268156
39,"2023/06/02 01:32:00",31.558659217877096
39,"2023/06/02 01:33:00",31.608938547486034
39,"2023/06/02 01:34:00",31.65921787709497
39,"2023/06/02 01:35:00",31.70949720670391
39,"2023/06/02 01:36:00",31.75977653631285
39,"2023/06/02 01:37:00",31.81005586592179
39,"2023/06/02 01:38:00",31.860335195530727
39,"2023/06/02 01:39:00",31.910614525139664
39,"2023/06/02 01:40:00",31.960893854748605
39,"2023/06/02 01:41:00",32.011173184357546
39,"2023/06/02 01:42:00",32.06145251396648
39,"2023/06/02 01:43:00",32.11173184357542
39,"2023/06/02 01:44:00",32.16201117318436
39,"2023/06/02 01:45:00",32.212290502793294
39,"2023/06/02 01:46:00",32.262569832402235
39,"2023/06/02 01:47:00",32.312849162011176
39,"2023/06/02 01:48:00",32.36312849162011
39,"2023/06/02 01:49:00",32.41340782122905
39,"2023/06/02 01:50:00",32.46368715083799
39,"2023/06/02 01:51:00",32.513966480446925
39,"2023/06/02 01:52:00",32.564245810055866
39,"2023/06/02 01:53:00",32.614525139664806
39,"2023/06/02 01:54:00",32.66480446927374
39,"2023/06/02 01:55:00",32.71508379888268
39,"2023/06/02 01:56:00",32.76536312849162
39,"2023/06/02 01:57:00",32.815642458100555
39,"2023/06/02 01:58:00",32.865921787709496
39,"2023/06/02 01:59:00",32.91620111731844
39,"2023/06/02 02:00:00",32.96648044692738
39,"2023/06/02 02:01:00",33.01675977653631
39,"2023/06/02 02:02:00",33.06703910614525
39,"2023/06/02 02:03:00",33.11731843575419
39,"2023/06/02 02:04:00",33.167597765363126
39,"2023/06/02 02:05:00",33.21787709497207
39,"2023/06/02 02:06:00",33.26815642458101
39,"2023/06/02 02:07:00",33.31843575418994
39,"2023/06/02 02:08:00",33.36871508379888
39,"2023/06/02 02:09:00",33.41899441340782
39,"2023/06/02 02:10:00",33.46927374301676
39,"2023/06/02 02:11:00",33.5195530726257
39,"2023/06/02 02:12:00",33.56983240223464
39,"2023/06/02 02:13:00",33.62011173184358
39,"2023/06/02 02:14:00",33.67039106145251
39,"2023/06/02 02:15:00",33.720670391061454
39,"2023/06/02 02:16:00",33.770949720670394
39,"2023/06/02 02:17:00",33.82122905027933
39,"2023/06/02 02:18:00",33.87150837988827
39,"2023/06/02 02:19:00",33.92178770949721
39,"2023/06/02 02:20:00",33.97206703910614
39,"2023/06/02 02:21:00",34.022346368715084
39,"2023/06/02 02:22:00",34.072625698324025
39,"2023/06/02 02:23:00",34.12290502793296
39,"2023/06/02 02:24:00",34.1731843575419
39,"2023/06/02 02:25:00",34.22346368715084
39,"2023/06/02 02:26:00",34.27374301675978
39,"2023/06/02 02:27:00",34.324022346368714
39,"2023/06/02 02:28:00",34.374301675977655
39,"2023/06/02 02:29:00",34.42458100558659
39,"2023/06/02 02:30:00",34.47486033519553
39,"2023/06/02 02:31:00",34.52513966480447
39,"2023/06/02 02:32:00",34.57541899441341
39,"2023/06/02 02:33:00",34.625698324022345
39,"2023/06/02 02:34:00",34.675977653631286
39,"2023/06/02 02:35:00",34.726256983240226
39,"2023/06/02 02:36:00",34.77653631284916
39,"2023/06/02 02:37:00",34.8268156424581
39,"2023/06/02 02:38:00",34.87709497206704
39,"2023/06/02 02:39:00",34.927374301675975
39,"2023/06/02 02:40:00",34.977653631284916
39,"2023/06/02 02:41:00",35.02793296089386
39,"2023/06/02 02:42:00",35.07821229050279
39,"2023/06/02 02:43:00",35.12849162011173
39,"2023/06/02 02:44:00",35.17877094972067
39,"2023/06/02 02:45:00",35.22905027932961
39,"2023/06/02 02:46:00",35.279329608938546
39,"2023/06/02 02:47:00",35.32960893854749
39,"2023/06/02 02:48:00",35.37988826815642
39,"2023/06/02 02:49:00",35.43016759776536
39,"2023/06/02 02:50:00",35.4804469273743
39,"2023/06/02 02:51:00",35.53072625698324
39,"2023/06/02 02:52:00",35.58100558659218
39,"2023/06/02 02:53:00",35.63128491620112
39,"2023/06/02 02:54:00",35.68156424581006
39,"2023/06/02 02:55:00",35.73184357541899
39,"2023/06/02 02:56:00",35.78212290502793
39,"2023/06/02 02:57:00",35.832402234636874
39,"2023/06/02 02:58:00",35.882681564245814
39,"2023/06/02 02:59:00",35.93296089385475
39,"2023/06/02 03:00:00",35.98324022346369
39,"2023/06/02 03:01:00",36.03351955307262
39,"2023/06/02 03:02:00",36.08379888268156
39,"2023/06/02 03:03:00",36.134078212290504
39,"2023/06/02 03:04:00",36.184357541899445
39,"2023/06/02 03:05:00",36.23463687150838
39,"2023/06/02 03:06:00",36.28491620111732
39,"2023/06/02 03:07:00",36.33519553072626
39,"2023/06/02 03:08:00",36.385474860335194
39,"2023/06/02 03:09:00",36.435754189944134
39,"2023/06/02 03:10:00",36.486033519553075
39,"2023/06/02 03:11:00",36.53631284916201
39,"2023/06/02 03:12:00",36.58659217877095
39,"2023/06/02 03:13:00",36.63687150837989
39,"2023/06/02 03:14:00",36.687150837988824
39,"2023/06/02 03:15:00",36.737430167597765
39,"2023/06/02 03:16:00",36.787709497206706
39,"2023/06/02 03:17:00",36.837988826815646
39,"2023/06/02 03:18:00",36.88826815642458
39,"2023/06/02 03:19:00",36.93854748603352
39,"2023/06/02 03:20:00",36.988826815642454
39,"2023/06/02 03:21:00",37.039106145251395
39,"2023/06/02 03:22:00",37.089385474860336
39,"2023/06/02 03:23:00",37.13966480446928
39,"2023/06/02 03:24:00",37.18994413407821
39,"2023/06/02 03:25:00",37.24022346368715
39,"2023/06/02 03:26:00",37.29050279329609
39,"2023/06/02 03:27:00",37.340782122905026
39,"2023/06/02 03:28:00",37.391061452513966
39,"2023/06/02 03:29:00",37.44134078212291
39,"2023/06/02 03:30:00",37.49162011173185
39,"2023/06/02 03:31:00",37.54189944134078
39,"2023/06/02 03:32:00",37.59217877094972
39,"2023/06/02 03:33:00",37.642458100558656
39,"2023/06/02 03:34:00",37.6927374301676
39,"2023/06/02 03:35:00",37.74301675977654
39,"2023/06/02 03:36:00",37.79329608938548
39,"2023/06/02 03:37:00",37.84357541899441
39,"2023/06/02 03:38:00",37.89385474860335
39,"2023/06/02 03:39:00",37.944134078212294
39,"2023/06/02 03:40:00",37.99441340782123
39,"2023/06/02 03:41:00",38.04469273743017
39,"2023/06/02 03:42:00",38.09497206703911
39,"2023/06/02 03:43:00",38.14525139664805
39,"2023/06/02 03:44:00",38.19553072625698
39,"2023/06/02 03:45:00",38.245810055865924
39,"2023/06/02 03:46:00",38.29608938547486
39,"2023/06/02 03:47:00",38.3463687150838
39,"2023/06/02 03:48:00",38.39664804469274
39,"2023/06/02 03:49:00",38.44692737430168
39,"2023/06/02 03:50:00",38.497206703910614
39,"2023/06/02 03:51:00",38.547486033519554
39,"2023/06/02 03:52:00",38.59776536312849
39,"2023/06/02 03:53:00",38.64804469273743
39,"2023/06/02 03:54:00",38.69832402234637
39,"2023/06/02 03:55:00",38.74860335195531
39,"2023/06/02 03:56:00",38.798882681564244
39,"2023/06/02 03:57:00",38.849162011173185
39,"2023/06/02 03:58:00",38.899441340782126
39,"2023/06/02 03:59:00",38.94972067039106
39,"2023/06/02 04:00:00",39
39,"2023/06/02 04:01:00",39
39,"2023/06/02 04:02:00",39
39,"2023/06/02 04:03:00",39
39,"2023/06/02 04:04:00",39
39,"2023/06/02 04:05:00",39
39,"2023/06/02 04:06:00",39
39,"2023/06/02 04:07:00",39
39,"2023/06/02 04:08:00",39
39,"2023/06/02 04:09:00",39
39,"2023/06/02 04:10:00",39
39,"2023/06/02 04:11:00",39
39,"2023/06/02 04:12:00",39
39,"2023/06/02 04:13:00",39
39,"2023/06/02 04:14:00",39
39,"2023/06/02 04:15:00",39
39,"2023/06/02 04:16:00",39
39,"2023/06/02 04:17:00",39
39,"2023/06/02 04:18:00",39
39,"2023/06/02 04:19:00",39
39,"2023/06/02 04:20:00",39
39,"2023/06/02 04:21:00",39
39,"2023/06/02 04:22:00",39
39,"2023/06/02 04:23:00",39
39,"2023/06/02 04:24:00",39
39,"2023/06/02 04:25:00",39
39,"2023/06/02 04:26:00",39
39,"2023/06/02 04:27:00",39
39,"2023/06/02 04:28:00",39
39,"2023/06/02 04:29:00",39
39,"2023/06/02 04:30:00",39
39,"2023/06/02 04:31:00",39
39,"2023/06/02 04:32:00",39
39,"2023/06/02 04:33:00",39
39,"2023/06/02 04:34:00",39
39,"2023/06/02 04:35:00",39
39,"2023/06/02 04:36:00",39
39,"2023/06/02 04:37:00",39
39,"2023/06/02 04:38:00",39
39,"2023/06/02 04:39:00",39
39,"2023/06/02 04:40:00",39
39,"2023/06/02 04:41:00",39
39,"2023/06/02 04:42:00",39
39,"2023/06/02 04:43:00",39
39,"2023/06/02 04:44:00",39
39,"2023/06/02 04:45:00",39
39,"2023/06/02 04:46:00",39
39,"2023/06/02 04:47:00",39
39,"2023/06/02 04:48:00",39
39,"2023/06/02 04:49:00",39
39,"2023/06/02 04:50:00",39
39,"2023/06/02 04:51:00",39
39,"2023/06/02 04:52:00",39
39,"2023/06/02 04:53:00",39
39,"2023/06/02 04:54:00",39
39,"2023/06/02 04:55:00",39
39,"2023/06/02 04:56:00",39
39,"2023/06/02 04:57:00",39
39,"2023/06/02 04:58:00",39
39,"2023/06/02 04:59:00",39
39,"2023/06/02 05:00:00",39
39,"2023/06/02 05:01:00",39
39,"2023/06/02 05:02:00",39
39,"2023/06/02 05:03:00",39
39,"2023/06/02 05:04:00",39
39,"2023/06/02 05:05:00",39
39,"2023/06/02 05:06:00",39
39,"2023/06/02 05:07:00",39
39,"2023/06/02 05:08:00",39
39,"2023/06/02 05:09:00",39
39,"2023/06/02 05:10:00",39
39,"2023/06/02 05:11:00",39
39,"2023/06/02 05:12:00",39
39,"2023/06/02 05:13:00",39
39,"2023/06/02 05:14:00",39
39,"2023/06/02 05:15:00",39
39,"2023/06/02 05:16:00",39
39,"2023/06/02 05:17:00",39
39,"2023/06/02 05:18:00",39
39,"2023/06/02 05:19:00",39
39,"2023/06/02 05:20:00",39
39,"2023/06/02 05:21:00",39
39,"2023/06/02 05:22:00",39
39,"2023/06/02 05:23:00",39
39,"2023/06/02 05:24:00",39
39,"2023/06/02 05:25:00",39
39,"2023/06/02 05:26:00",39
39,"2023/06/02 05:27:00",39
39,"2023/06/02 05:28:00",39
39,"2023/06/02 05:29:00",39
39,"2023/06/02 05:30:00",39
39,"2023/06/02 05:31:00",39
39,"2023/06/02 05:32:00",39
39,"2023/06/02 05:33:00",39
39,"2023/06/02 05:34:00",39
39,"2023/06/02 05:35:00",39
39,"2023/06/02 05:36:00",39
39,"2023/06/02 05:37:00",39
39,"2023/06/02 05:38:00",39
39,"2023/06/02 05:39:00",39
39,"2023/06/02 05:40:00",39
39,"2023/06/02 05:41:00",39
39,"2023/06/02 05:42:00",39
39,"2023/06/02 05:43:00",39
39,"2023/06/02 05:44:00",39
39,"2023/06/02 05:45:00",39
39,"2023/06/02 05:46:00",39
39,"2023/06/02 05:47:00",39
39,"2023/06/02 05:48:00",39
39,"2023/06/02 05:49:00",39
39,"2023/06/02 05:50:00",39
39,"2023/06/02 05:51:00",39
39,"2023/06/02 05:52:00",39
39,"2023/06/02 05:53:00",39
39,"2023/06/02 05:54:00",39
39,"2023/06/02 05:55:00",39
39,"2023/06/02 05:56:00",39
39,"2023/06/02 05:57:00",39
39,"2023/06/02 05:58:00",39
39,"2023/06/02 05:59:00",39
39,"2023/06/02 06:00:00",39
39,"2023/06/02 06:01:00",39
39,"2023/06/02 06:02:00",39
39,"2023/06/02 06:03:00",39
39,"2023/06/02 06:04:00",39
39,"2023/06/02 06:05:00",39
39,"2023/06/02 06:06:00",39
39,"2023/06/02 06:07:00",39
39,"2023/06/02 06:08:00",39
39,"2023/06/02 06:09:00",39
39,"2023/06/02 06:10:00",39
39,"2023/06/02 06:11:00",39
39,"2023/06/02 06:12:00",39
39,"2023/06/02 06:13:00",39
39,"2023/06/02 06:14:00",39
39,"2023/06/02 06:15:00",39
39,"2023/06/02 06:16:00",39
39,"2023/06/02 06:17:00",39
39,"2023/06/02 06:18:00",39
39,"2023/06/02 06:19:00",39
39,"2023/06/02 06:20:00",39
39,"2023/06/02 06:21:00",39
39,"2023/06/02 06:22:00",39
39,"2023/06/02 06:23:00",39
39,"2023/06/02 06:24:00",39
39,"2023/06/02 06:25:00",39
39,"2023/06/02 06:26:00",39
39,"2023/06/02 06:27:00",39
39,"2023/06/02 06:28:00",39
39,"2023/06/02 06:29:00",39
39,"2023/06/02 06:30:00",39
39,"2023/06/02 06:31:00",39
39,"2023/06/02 06:32:00",39
39,"2023/06/02 06:33:00",39
39,"2023/06/02 06:34:00",39
39,"2023/06/02 06:35:00",39
39,"2023/06/02 06:36:00",39
39,"2023/06/02 06:37:00",39
39,"2023/06/02 06:38:00",39
39,"2023/06/02 06:39:00",39
39,"2023/06/02 06:40:00",39
39,"2023/06/02 06:41:00",39
39,"2023/06/02 06:42:00",39
39,"2023/06/02 06:43:00",39
39,"2023/06/02 06:44:00",39
39,"2023/06/02 06:45:00",39
39,"2023/06/02 06:46:00",39
39,"2023/06/02 06:47:00",39
39,"2023/06/02 06:48:00",39
39,"2023/06/02 06:49:00",39
39,"2023/06/02 06:50:00",39
39,"2023/06/02 06:51:00",39
39,"2023/06/02 06:52:00",39
39,"2023/06/02 06:53:00",39
39,"2023/06/02 06:54:00",39
39,"2023/06/02 06:55:00",39
39,"2023/06/02 06:56:00",39
39,"2023/06/02 06:57:00",39
39,"2023/06/02 06:58:00",39
39,"2023/06/02 06:59:00",39
39,"2023/06/02 07:00:00",39
39,"2023/06/02 07:01:00",39
39,"2023/06/02 07:02:00",38.847457627118644
39,"2023/06/02 07:03:00",38.69491525423729
39,"2023/06/02 07:04:00",38.54237288135593
39,"2023/06/02 07:05:00",38.389830508474574
39,"2023/06/02 07:06:00",38.23728813559322
39,"2023/06/02 07:07:00",38.08474576271186
39,"2023/06/02 07:08:00",37.932203389830505
39,"2023/06/02 07:09:00",37.779661016949156
39,"2023/06/02 07:10:00",37.6271186440678
39,"2023/06/02 07:11:00",37.47457627118644
39,"2023/06/02 07:12:00",37.32203389830509
39,"2023/06/02 07:13:00",37.16949152542373
39,"2023/06/02 07:14:00",37.016949152542374
39,"2023/06/02 07:15:00",36.86440677966102
39,"2023/06/02 07:16:00",36.71186440677966
39,"2023/06/02 07:17:00",36.559322033898304
39,"2023/06/02 07:18:00",36.40677966101695
39,"2023/06/02 07:19:00",36.25423728813559
39,"2023/06/02 07:20:00",36.101694915254235
39,"2023/06/02 07:21:00",35.94915254237288
39,"2023/06/02 07:22:00",35.79661016949152
39,"2023/06/02 07:23:00",35.644067796610166
39,"2023/06/02 07:24:00",35.49152542372882
39,"2023/06/02 07:25:00",35.33898305084746
39,"2023/06/02 07:26:00",35.186440677966104
39,"2023/06/02 07:27:00",35.03389830508475
39,"2023/06/02 07:28:00",34.88135593220339
39,"2023/06/02 07:29:00",34.728813559322035
39,"2023/06/02 07:30:00",34.57627118644068
39,"2023/06/02 07:31:00",34.42372881355932
39,"2023/06/02 07:32:00",34.271186440677965
39,"2023/06/02 07:33:00",34.11864406779661
39,"2023/06/02 07:34:00",33.96610169491525
39,"2023/06/02 07:35:00",33.813559322033896
39,"2023/06/02 07:36:00",33.66101694915254
39,"2023/06/02 07:37:00",33.50847457627118
39,"2023/06/02 07:38:00",33.35593220338983
39,"2023/06/02 07:39:00",33.20338983050847
39,"2023/06/02 07:40:00",33.05084745762712
39,"2023/06/02 07:41:00",32.898305084745765
39,"2023/06/02 07:42:00",32.74576271186441
39,"2023/06/02 07:43:00",32.59322033898305
39,"2023/06/02 07:44:00",32.440677966101696
39,"2023/06/02 07:45:00",32.28813559322034
39,"2023/06/02 07:46:00",32.13559322033898
39,"2023/06/02 07:47:00",31.983050847457626
39,"2023/06/02 07:48:00",31.83050847457627
39,"2023/06/02 07:49:00",31.677966101694913
39,"2023/06/02 07:50:00",31.525423728813557
39,"2023/06/02 07:51:00",31.372881355932204
39,"2023/06/02 07:52:00",31.220338983050848
39,"2023/06/02 07:53:00",31.06779661016949
39,"2023/06/02 07:54:00",30.915254237288135
39,"2023/06/02 07:55:00",30.76271186440678
39,"2023/06/02 07:56:00",30.610169491525426
39,"2023/06/02 07:57:00",30.45762711864407
39,"2023/06/02 07:58:00",30.305084745762713
39,"2023/06/02 07:59:00",30.152542372881356
39,"2023/06/02 08:00:00",30
39,"2023/06/02 08:01:00",30
39,"2023/06/02 08:02:00",30
39,"2023/06/02 08:03:00",30
39,"2023/06/02 08:04:00",30
39,"2023/06/02 08:05:00",30
39,"2023/06/02 08:06:00",30
39,"2023/06/02 08:07:00",30
39,"2023/06/02 08:08:00",30
39,"2023/06/02 08:09:00",30
39,"2023/06/02 08:10:00",30
39,"2023/06/02 08:11:00",30
39,"2023/06/02 08:12:00",30
39,"2023/06/02 08:13:00",30
39,"2023/06/02 08:14:00",30
39,"2023/06/02 08:15:00",30
39,"2023/06/02 08:16:00",30
39,"2023/06/02 08:17:00",30
39,"2023/06/02 08:18:00",30
39,"2023/06/02 08:19:00",30
39,"2023/06/02 08:20:00",30
39,"2023/06/02 08:21:00",30
39,"2023/06/02 08:22:00",30
39,"2023/06/02 08:23:00",30
39,"2023/06/02 08:24:00",30
39,"2023/06/02 08:25:00",30
39,"2023/06/02 08:26:00",30
39,"2023/06/02 08:27:00",30
39,"2023/06/02 08:28:00",30
39,"2023/06/02 08:29:00",30
39,"2023/06/02 08:30:00",30
39,"2023/06/02 08:31:00",30
39,"2023/06/02 08:32:00",30
39,"2023/06/02 08:33:00",30
39,"2023/06/02 08:34:00",30
39,"2023/06/02 08:35:00",30
39,"2023/06/02 08:36:00",30
39,"2023/06/02 08:37:00",30
39,"2023/06/02 08:38:00",30
39,"2023/06/02 08:39:00",30
39,"2023/06/02 08:40:00",30
39,"2023/06/02 08:41:00",30
39,"2023/06/02 08:42:00",30
39,"2023/06/02 08:43:00",30
39,"2023/06/02 08:44:00",30
39,"2023/06/02 08:45:00",30
39,"2023/06/02 08:46:00",30
39,"2023/06/02 08:47:00",30
39,"2023/06/02 08:48:00",30
39,"2023/06/02 08:49:00",30
39,"2023/06/02 08:50:00",30
39,"2023/06/02 08:51:00",30
39,"2023/06/02 08:52:00",30
39,"2023/06/02 08:53:00",30
39,"2023/06/02 08:54:00",30
39,"2023/06/02 08:55:00",30
39,"2023/06/02 08:56:00",30
39,"2023/06/02 08:57:00",30
39,"2023/06/02 08:58:00",30
39,"2023/06/02 08:59:00",30
39,"2023/06/02 09:00:00",30
